time,yaw,pitch,roll
0.005084991455078125,-8.819,36.506,0.606
0.005980014801025391,-8.815,36.534,0.73
0.015096902847290039,-8.805,36.567,0.848
0.025249958038330078,-8.777,36.581,0.918
0.035060882568359375,-8.729,36.562,0.93
0.047100067138671875,-8.669,36.517,0.886
0.05523204803466797,-8.606,36.469,0.801
0.06529998779296875,-8.539,36.437,0.709
0.07529687881469727,-8.464,36.435,0.636
0.08538389205932617,-8.387,36.459,0.602
0.09812784194946289,-8.314,36.484,0.607
0.10522603988647461,-8.254,36.488,0.623
0.115570068359375,-8.211,36.464,0.614
0.12526893615722656,-8.17,36.416,0.565
0.13550090789794922,-8.117,36.362,0.492
0.14693784713745117,-8.054,36.317,0.43
0.1554279327392578,-7.997,36.287,0.405
0.16565513610839844,-7.949,36.283,0.422
0.17533493041992188,-7.902,36.306,0.464
0.18548011779785156,-7.853,36.348,0.501
0.19814109802246094,-7.8,36.391,0.514
0.2052299976348877,-7.753,36.418,0.509
0.2155609130859375,-7.722,36.42,0.482
0.2252509593963623,-7.697,36.409,0.419
0.23557496070861816,-7.668,36.404,0.323
0.24804306030273438,-7.629,36.422,0.206
0.255511999130249,-7.587,36.464,0.087
0.2655777931213379,-7.556,36.524,0.006
0.2753880023956299,-7.537,36.604,-0.009
0.28561878204345703,-7.522,36.71,0.056
0.2971229553222656,-7.522,36.832,0.181
0.30550193786621094,-7.552,36.95,0.319
0.3157069683074951,-7.615,37.05,0.434
0.32548999786376953,-7.666,37.134,0.491
0.33573102951049805,-7.69,37.195,0.484
0.34824180603027344,-7.682,37.229,0.441
0.3556079864501953,-7.657,37.244,0.393
0.3657398223876953,-7.631,37.255,0.343
0.3754868507385254,-7.614,37.273,0.31
0.3857579231262207,-7.612,37.308,0.308
0.3981471061706543,-7.623,37.36,0.361
0.4055519104003906,-7.648,37.416,0.447
0.41579198837280273,-7.68,37.46,0.511
0.42549991607666016,-7.702,37.49,0.532
0.4358649253845215,-7.699,37.53,0.512
0.4479959011077881,-7.66,37.592,0.465
0.45574188232421875,-7.604,37.672,0.415
0.4657449722290039,-7.563,37.76,0.391
0.4756808280944824,-7.556,37.856,0.428
0.4857749938964844,-7.576,37.964,0.529
0.4984300136566162,-7.609,38.069,0.66
0.5057649612426758,-7.646,38.155,0.789
0.5160198211669922,-7.684,38.211,0.899
0.5257120132446289,-7.711,38.232,0.971
0.5359787940979004,-7.727,38.215,0.994
0.5481429100036621,-7.727,38.176,0.983
0.5557928085327148,-7.696,38.136,0.97
0.5659918785095215,-7.629,38.123,0.971
0.575969934463501,-7.543,38.144,0.998
0.5859229564666748,-7.465,38.168,1.011
0.5983138084411621,-7.421,38.156,0.964
0.60589599609375,-7.415,38.104,0.888
0.6161007881164551,-7.416,38.022,0.817
0.6258320808410645,-7.403,37.943,0.766
0.6360359191894531,-7.388,37.89,0.765
0.6483559608459473,-7.39,37.86,0.818
0.6559770107269287,-7.419,37.842,0.898
0.6659979820251465,-7.457,37.82,0.948
0.6760139465332031,-7.452,37.778,0.916
0.6890769004821777,-7.401,37.713,0.843
0.6965599060058594,-7.33,37.632,0.756
0.7057929039001465,-7.251,37.542,0.647
0.7159099578857422,-7.177,37.449,0.518
0.7257890701293945,-7.123,37.373,0.402
0.736191987991333,-7.096,37.34,0.335
0.7486310005187988,-7.097,37.359,0.324
0.7561640739440918,-7.116,37.423,0.375
0.7661700248718262,-7.14,37.509,0.462
0.7761809825897217,-7.163,37.588,0.549
0.786221981048584,-7.189,37.636,0.636
0.7988529205322266,-7.218,37.651,0.722
0.8061380386352539,-7.238,37.64,0.789
0.8171811103820801,-7.246,37.61,0.82
0.8261818885803223,-7.253,37.57,0.818
0.8363008499145508,-7.257,37.529,0.803
0.8487739562988281,-7.257,37.492,0.788
0.8562209606170654,-7.254,37.456,0.768
0.8662519454956055,-7.254,37.416,0.745
0.876500129699707,-7.264,37.372,0.736
0.886570930480957,-7.285,37.331,0.752
0.8987231254577637,-7.312,37.312,0.791
0.9062128067016602,-7.334,37.33,0.837
0.9164400100708008,-7.347,37.381,0.887
0.9262309074401855,-7.357,37.452,0.922
0.9371960163116455,-7.374,37.524,0.946
0.9485688209533691,-7.396,37.587,0.953
0.9562640190124512,-7.422,37.627,0.938
0.9664158821105957,-7.451,37.635,0.905
0.9764289855957031,-7.479,37.615,0.857
0.9863848686218262,-7.501,37.581,0.802
0.9987859725952148,-7.514,37.549,0.744
1.0064849853515625,-7.513,37.527,0.696
1.0165820121765137,-7.501,37.519,0.663
1.0263237953186035,-7.484,37.522,0.633
1.0373167991638184,-7.474,37.535,0.603
1.0487499237060547,-7.473,37.554,0.565
1.0565829277038574,-7.479,37.577,0.516
1.066627025604248,-7.49,37.599,0.474
1.0768938064575195,-7.509,37.612,0.442
1.087306022644043,-7.539,37.605,0.417
1.0990829467773438,-7.578,37.574,0.4
1.1065359115600586,-7.616,37.534,0.388
1.1167068481445312,-7.646,37.508,0.381
1.1266379356384277,-7.664,37.514,0.389
1.1372928619384766,-7.673,37.548,0.418
1.149186134338379,-7.684,37.605,0.462
1.1565239429473877,-7.707,37.677,0.518
1.1667780876159668,-7.736,37.748,0.583
1.177112102508545,-7.76,37.808,0.635
1.1873178482055664,-7.772,37.848,0.642
1.1991801261901855,-7.771,37.864,0.606
1.2067139148712158,-7.764,37.86,0.551
1.2167699337005615,-7.753,37.833,0.488
1.2267417907714844,-7.734,37.787,0.416
1.2370610237121582,-7.714,37.737,0.341
1.2474088668823242,-7.696,37.692,0.267
1.256227970123291,-7.682,37.649,0.199
1.2663278579711914,-7.673,37.609,0.137
1.2766759395599365,-7.668,37.585,0.088
1.2870731353759766,-7.665,37.584,0.065
1.299241065979004,-7.657,37.604,0.062
1.3074989318847656,-7.648,37.638,0.069
1.3169879913330078,-7.642,37.678,0.078
1.3267650604248047,-7.639,37.718,0.08
1.3375589847564697,-7.633,37.746,0.065
1.349435806274414,-7.625,37.754,0.036
1.357503890991211,-7.615,37.739,-0.006
1.3673248291015625,-7.601,37.702,-0.069
1.3772978782653809,-7.59,37.649,-0.143
1.3874340057373047,-7.582,37.592,-0.218
1.3996570110321045,-7.571,37.539,-0.295
1.4069099426269531,-7.553,37.494,-0.377
1.4170188903808594,-7.537,37.467,-0.457
1.4267621040344238,-7.523,37.452,-0.528
1.4374229907989502,-7.512,37.443,-0.588
1.4493308067321777,-7.504,37.43,-0.639
1.4575018882751465,-7.505,37.412,-0.668
1.4674179553985596,-7.512,37.39,-0.671
1.4772520065307617,-7.519,37.367,-0.669
1.4875140190124512,-7.526,37.338,-0.674
1.499398946762085,-7.533,37.299,-0.69
1.5075619220733643,-7.538,37.256,-0.716
1.518129825592041,-7.542,37.22,-0.738
1.5271210670471191,-7.545,37.211,-0.752
1.5376238822937012,-7.549,37.229,-0.749
1.5500779151916504,-7.558,37.264,-0.729
1.557446002960205,-7.58,37.295,-0.702
1.5681648254394531,-7.616,37.308,-0.679
1.5772509574890137,-7.655,37.297,-0.663
1.5874300003051758,-7.684,37.263,-0.657
1.5997169017791748,-7.703,37.207,-0.663
1.6075711250305176,-7.717,37.14,-0.674
1.6181209087371826,-7.724,37.072,-0.699
1.6278948783874512,-7.73,37.018,-0.731
1.637495994567871,-7.737,36.988,-0.751
1.6499481201171875,-7.74,36.981,-0.749
1.6576828956604004,-7.738,36.983,-0.726
1.6681759357452393,-7.734,36.978,-0.7
1.677372932434082,-7.737,36.959,-0.69
1.6874361038208008,-7.752,36.926,-0.692
1.7000229358673096,-7.766,36.894,-0.704
1.707716941833496,-7.773,36.872,-0.73
1.718216896057129,-7.788,36.865,-0.742
1.7277779579162598,-7.817,36.865,-0.735
1.7423648834228516,-7.861,36.858,-0.723
1.7489979267120361,-7.917,36.831,-0.72
1.757361888885498,-7.984,36.768,-0.734
1.7677597999572754,-8.064,36.67,-0.755
1.7773680686950684,-8.146,36.553,-0.772
1.7875149250030518,-8.221,36.441,-0.786
1.8003630638122559,-8.282,36.346,-0.798
1.8078739643096924,-8.322,36.268,-0.81
1.8183889389038086,-8.337,36.201,-0.829
1.8278520107269287,-8.342,36.146,-0.866
1.8376100063323975,-8.346,36.109,-0.916
1.850186824798584,-8.345,36.094,-0.965
1.8576159477233887,-8.331,36.095,-0.994
1.8681600093841553,-8.312,36.098,-0.998
1.8774259090423584,-8.298,36.081,-0.985
1.8877410888671875,-8.289,36.026,-0.973
1.900454044342041,-8.284,35.926,-0.977
1.9075899124145508,-8.281,35.77,-1.008
1.918267011642456,-8.292,35.558,-1.08
1.9278240203857422,-8.317,35.297,-1.173
1.9376769065856934,-8.329,35.018,-1.266
1.9504790306091309,-8.323,34.77,-1.347
1.95768404006958,-8.301,34.579,-1.401
1.968200922012329,-8.27,34.444,-1.442
1.9776878356933594,-8.229,34.356,-1.476
1.9877490997314453,-8.188,34.305,-1.501
2.000466823577881,-8.155,34.282,-1.521
2.007349967956543,-8.132,34.267,-1.523
2.0182437896728516,-8.114,34.227,-1.49
2.0281338691711426,-8.12,34.15,-1.429
2.0378060340881348,-8.175,34.054,-1.347
2.050581932067871,-8.263,33.945,-1.261
2.0578019618988037,-8.354,33.828,-1.195
2.06819486618042,-8.433,33.708,-1.149
2.0777130126953125,-8.49,33.597,-1.117
2.08788800239563,-8.526,33.507,-1.097
2.100451946258545,-8.55,33.424,-1.096
2.1077260971069336,-8.565,33.324,-1.121
2.1182169914245605,-8.574,33.197,-1.166
2.1278538703918457,-8.583,33.053,-1.212
2.1379270553588867,-8.596,32.907,-1.237
2.150439977645874,-8.611,32.766,-1.252
2.1577658653259277,-8.634,32.634,-1.266
2.168224811553955,-8.661,32.507,-1.282
2.177748918533325,-8.685,32.368,-1.312
2.187878131866455,-8.7,32.204,-1.35
2.200352907180786,-8.7,32.005,-1.393
2.2078800201416016,-8.699,31.786,-1.445
2.2182419300079346,-8.709,31.583,-1.506
2.2279419898986816,-8.73,31.409,-1.571
2.237949848175049,-8.75,31.274,-1.631
2.2505359649658203,-8.765,31.171,-1.689
2.258009910583496,-8.783,31.081,-1.739
2.2683610916137695,-8.812,30.982,-1.766
2.2775588035583496,-8.851,30.857,-1.761
2.288188934326172,-8.904,30.713,-1.736
2.3008999824523926,-8.975,30.571,-1.697
2.3079679012298584,-9.052,30.447,-1.626
2.318445920944214,-9.119,30.349,-1.526
2.3280158042907715,-9.187,30.274,-1.423
2.3383429050445557,-9.261,30.211,-1.322
2.3507449626922607,-9.334,30.152,-1.228
2.35805606842041,-9.387,30.098,-1.155
2.3684239387512207,-9.41,30.048,-1.113
2.378032922744751,-9.415,29.989,-1.098
2.3882009983062744,-9.418,29.921,-1.099
2.4007139205932617,-9.429,29.846,-1.107
2.408257007598877,-9.445,29.757,-1.114
2.4183709621429443,-9.446,29.66,-1.118
2.42815899848938,-9.432,29.557,-1.124
2.438349962234497,-9.411,29.442,-1.128
2.4507908821105957,-9.396,29.309,-1.133
2.458315849304199,-9.387,29.157,-1.143
2.4683949947357178,-9.388,28.995,-1.156
2.478132963180542,-9.398,28.831,-1.146
2.4883949756622314,-9.412,28.67,-1.102
2.5009379386901855,-9.424,28.521,-1.041
2.508286952972412,-9.432,28.387,-0.973
2.518455982208252,-9.438,28.255,-0.883
2.528244972229004,-9.447,28.116,-0.769
2.5383729934692383,-9.463,27.968,-0.628
2.5510411262512207,-9.488,27.824,-0.485
2.5583579540252686,-9.518,27.693,-0.36
2.5690619945526123,-9.545,27.569,-0.255
2.5784358978271484,-9.568,27.456,-0.178
2.5884618759155273,-9.598,27.355,-0.117
2.6005358695983887,-9.636,27.262,-0.056
2.608409881591797,-9.674,27.163,0.002
2.6186070442199707,-9.708,27.048,0.063
2.628438949584961,-9.74,26.917,0.117
2.6385979652404785,-9.783,26.786,0.147
2.6505730152130127,-9.825,26.672,0.163
2.6584768295288086,-9.851,26.588,0.178
2.668610095977783,-9.858,26.536,0.197
2.678506851196289,-9.845,26.508,0.224
2.6885769367218018,-9.823,26.49,0.257
2.7006330490112305,-9.799,26.464,0.281
2.7083640098571777,-9.789,26.415,0.305
2.7186999320983887,-9.792,26.341,0.331
2.728538990020752,-9.8,26.25,0.356
2.7387290000915527,-9.808,26.141,0.374
2.7505009174346924,-9.81,26.01,0.382
2.758741855621338,-9.806,25.862,0.356
2.7686469554901123,-9.804,25.695,0.304
2.7784719467163086,-9.807,25.504,0.243
2.791773796081543,-9.812,25.29,0.191
2.799644947052002,-9.81,25.064,0.165
2.8083839416503906,-9.805,24.847,0.165
2.8184690475463867,-9.798,24.65,0.194
2.82873797416687,-9.79,24.474,0.269
2.8387508392333984,-9.781,24.305,0.407
2.850939989089966,-9.787,24.149,0.594
2.858738899230957,-9.81,24.031,0.794
2.868820905685425,-9.834,23.948,0.982
2.8788070678710938,-9.848,23.893,1.159
2.8889429569244385,-9.854,23.855,1.349
2.900947093963623,-9.855,23.824,1.552
2.9087769985198975,-9.856,23.789,1.745
2.9185948371887207,-9.863,23.738,1.904
2.928863048553467,-9.87,23.663,2.02
2.9390110969543457,-9.87,23.562,2.089
2.950376033782959,-9.855,23.42,2.131
2.9588398933410645,-9.831,23.243,2.152
2.968893051147461,-9.812,23.036,2.141
2.9788689613342285,-9.796,22.811,2.098
2.9889631271362305,-9.779,22.581,2.03
3.0006139278411865,-9.765,22.354,1.945
3.008903980255127,-9.76,22.133,1.85
3.0191400051116943,-9.768,21.918,1.761
3.028883934020996,-9.789,21.704,1.684
3.039005994796753,-9.823,21.47,1.611
3.050851821899414,-9.869,21.205,1.529
3.0588889122009277,-9.935,20.894,1.438
3.0691299438476562,-10.026,20.535,1.355
3.078835964202881,-10.145,20.138,1.287
3.089294910430908,-10.278,19.724,1.232
3.1009140014648438,-10.418,19.312,1.183
3.1090450286865234,-10.569,18.91,1.144
3.119173049926758,-10.736,18.512,1.126
3.1289467811584473,-10.916,18.103,1.124
3.139035940170288,-11.1,17.669,1.124
3.1505308151245117,-11.286,17.208,1.137
3.15903902053833,-11.477,16.725,1.187
3.1691861152648926,-11.677,16.222,1.267
3.179095983505249,-11.873,15.705,1.355
3.1892189979553223,-12.036,15.189,1.45
3.2010550498962402,-12.143,14.712,1.589
3.209110975265503,-12.198,14.34,1.771
3.219228982925415,-12.223,14.118,1.965
3.229189872741699,-12.222,14.068,2.159
3.239339828491211,-12.183,14.165,2.365
3.2512640953063965,-12.113,14.344,2.592
3.259200096130371,-12.033,14.531,2.831
3.2693657875061035,-11.948,14.669,3.066
3.279217004776001,-11.855,14.728,3.277
3.2894389629364014,-11.756,14.712,3.453
3.3011860847473145,-11.66,14.646,3.584
3.30922794342041,-11.567,14.563,3.672
3.3194029331207275,-11.474,14.48,3.721
3.329348087310791,-11.375,14.406,3.74
3.3393969535827637,-11.268,14.348,3.747
3.351294994354248,-11.157,14.318,3.746
3.3593640327453613,-11.049,14.327,3.744
3.369533061981201,-10.938,14.367,3.745
3.379394054412842,-10.819,14.416,3.757
3.389461040496826,-10.701,14.44,3.777
3.4013609886169434,-10.598,14.419,3.8
3.4094200134277344,-10.517,14.339,3.815
3.419558048248291,-10.449,14.2,3.808
3.4294209480285645,-10.382,14.02,3.764
3.4394540786743164,-10.308,13.831,3.699
3.4515249729156494,-10.235,13.665,3.644
3.459588050842285,-10.163,13.537,3.621
3.4697329998016357,-10.095,13.429,3.639
3.4794888496398926,-10.029,13.309,3.697
3.4895689487457275,-9.964,13.153,3.767
3.5016229152679443,-9.892,12.953,3.808
3.509521961212158,-9.817,12.71,3.804
3.5195960998535156,-9.746,12.44,3.765
3.529572010040283,-9.683,12.164,3.703
3.5396981239318848,-9.627,11.901,3.627
3.551405906677246,-9.572,11.66,3.543
3.559615135192871,-9.51,11.442,3.461
3.569736957550049,-9.437,11.242,3.398
3.579483985900879,-9.36,11.042,3.37
3.589789867401123,-9.29,10.833,3.384
3.6018149852752686,-9.222,10.627,3.442
3.6098098754882812,-9.152,10.442,3.53
3.6198768615722656,-9.09,10.308,3.634
3.629642963409424,-9.036,10.234,3.74
3.6396989822387695,-8.987,10.207,3.834
3.6518688201904297,-8.947,10.191,3.9
3.659679889678955,-8.92,10.149,3.912
3.669848918914795,-8.899,10.075,3.866
3.679697036743164,-8.869,9.991,3.799
3.6899490356445312,-8.83,9.909,3.752
3.7016379833221436,-8.789,9.831,3.734
3.7096810340881348,-8.74,9.759,3.731
3.719881057739258,-8.68,9.694,3.723
3.7297468185424805,-8.616,9.648,3.7
3.740000009536743,-8.554,9.632,3.661
3.7518439292907715,-8.493,9.65,3.605
3.759876012802124,-8.432,9.692,3.522
3.7700250148773193,-8.369,9.749,3.418
3.7797389030456543,-8.306,9.813,3.323
3.7898950576782227,-8.253,9.881,3.268
3.8016791343688965,-8.21,9.941,3.262
3.8099288940429688,-8.18,9.977,3.285
3.82000994682312,-8.158,9.982,3.308
3.8299460411071777,-8.145,9.961,3.307
3.842827796936035,-8.143,9.928,3.265
3.8511409759521484,-8.132,9.903,3.19
3.8596999645233154,-8.114,9.909,3.098
3.8697509765625,-8.091,9.96,3.01
3.880037784576416,-8.065,10.054,2.951
3.890115976333618,-8.038,10.176,2.922
3.902247905731201,-8.017,10.311,2.926
3.9099879264831543,-8.006,10.447,2.961
3.9199159145355225,-7.989,10.574,3.001
3.929953098297119,-7.955,10.685,3.006
3.940218925476074,-7.909,10.778,2.975
3.951854944229126,-7.863,10.863,2.927
3.96010684967041,-7.826,10.944,2.882
3.970256805419922,-7.795,11.032,2.833
3.980381965637207,-7.765,11.136,2.778
3.9901390075683594,-7.725,11.256,2.723
4.0022358894348145,-7.677,11.379,2.675
4.010154962539673,-7.618,11.494,2.607
4.020289897918701,-7.548,11.602,2.503
4.030055046081543,-7.473,11.707,2.378
4.040182113647461,-7.402,11.814,2.262
4.052044868469238,-7.345,11.916,2.166
4.06006383895874,-7.303,11.998,2.087
4.070320129394531,-7.266,12.05,2.007
4.080087900161743,-7.223,12.075,1.907
4.0900750160217285,-7.167,12.099,1.771
4.101008892059326,-7.105,12.157,1.592
4.10991907119751,-7.044,12.276,1.414
4.120471000671387,-6.987,12.454,1.282
4.129748821258545,-6.934,12.666,1.204
4.140095949172974,-6.888,12.873,1.164
4.150841951370239,-6.849,13.054,1.147
4.160298824310303,-6.817,13.219,1.131
4.1703009605407715,-6.785,13.39,1.085
4.1802167892456055,-6.748,13.585,1.01
4.190392017364502,-6.701,13.805,0.924
4.201879024505615,-6.653,14.039,0.834
4.210415840148926,-6.612,14.273,0.751
4.2204670906066895,-6.589,14.502,0.668
4.23033595085144,-6.587,14.744,0.575
4.2403178215026855,-6.604,15.015,0.477
4.252016067504883,-6.637,15.319,0.373
4.260436058044434,-6.675,15.644,0.26
4.269920825958252,-6.711,15.994,0.152
4.2798237800598145,-6.736,16.381,0.062
4.290580987930298,-6.736,16.796,-0.009
4.302597999572754,-6.727,17.215,-0.059
4.310495853424072,-6.735,17.622,-0.084
4.320580959320068,-6.765,18.011,-0.082
4.330361843109131,-6.817,18.387,-0.064
4.340533018112183,-6.889,18.76,-0.041
4.352289915084839,-6.971,19.118,-0.013
4.363389015197754,-7.053,19.44,0.028
4.373252868652344,-7.141,19.732,0.072
4.385479927062988,-7.235,20.014,0.114
4.39326810836792,-7.33,20.305,0.166
4.403347015380859,-7.419,20.613,0.236
4.413163900375366,-7.494,20.931,0.313
4.423255920410156,-7.547,21.253,0.377
4.435976982116699,-7.573,21.574,0.402
4.4434239864349365,-7.573,21.896,0.364
4.453583002090454,-7.544,22.213,0.253
4.4632887840271,-7.494,22.503,0.106
4.4735329151153564,-7.443,22.759,-0.047
4.4856719970703125,-7.399,22.988,-0.188
4.493732929229736,-7.372,23.204,-0.293
4.503453969955444,-7.361,23.435,-0.38
4.513309955596924,-7.356,23.706,-0.455
4.523429870605469,-7.34,24.025,-0.53
4.535797119140625,-7.29,24.377,-0.627
4.543378829956055,-7.198,24.741,-0.769
4.553616046905518,-7.074,25.093,-0.962
4.56343412399292,-6.948,25.418,-1.202
4.57358980178833,-6.836,25.713,-1.474
4.585783004760742,-6.756,25.977,-1.728
4.5935211181640625,-6.709,26.211,-1.946
4.603560924530029,-6.684,26.407,-2.118
4.613447904586792,-6.672,26.575,-2.258
4.623533010482788,-6.664,26.745,-2.388
4.635878086090088,-6.657,26.94,-2.526
4.64342999458313,-6.658,27.181,-2.656
4.653671979904175,-6.661,27.464,-2.758
4.663489818572998,-6.662,27.77,-2.83
4.673547983169556,-6.662,28.065,-2.871
4.685723781585693,-6.666,28.321,-2.89
4.693708896636963,-6.685,28.543,-2.887
4.703813076019287,-6.721,28.747,-2.866
4.713529109954834,-6.775,28.944,-2.829
4.723776817321777,-6.83,29.141,-2.791
4.736032009124756,-6.891,29.336,-2.736
4.743631839752197,-6.965,29.518,-2.655
4.7537150382995605,-7.059,29.689,-2.535
4.763627052307129,-7.179,29.87,-2.394
4.7738049030303955,-7.323,30.081,-2.247
4.787135124206543,-7.483,30.328,-2.081
4.7938737869262695,-7.657,30.607,-1.878
4.80389404296875,-7.846,30.893,-1.632
4.81375789642334,-8.049,31.152,-1.359
4.823929786682129,-8.268,31.352,-1.074
4.836225986480713,-8.504,31.492,-0.801
4.8437659740448,-8.761,31.593,-0.528
4.853967905044556,-9.036,31.687,-0.231
4.86379599571228,-9.322,31.804,0.121
4.873970985412598,-9.617,31.966,0.532
4.893510818481445,-9.916,32.171,0.984
4.894329071044922,-10.193,32.394,1.429
4.903453826904297,-10.432,32.627,1.808
4.9136128425598145,-10.641,32.868,2.116
4.92382287979126,-10.846,33.114,2.382
4.93500280380249,-11.059,33.357,2.648
4.943576812744141,-11.277,33.59,2.928
4.95347785949707,-11.485,33.793,3.224
4.963512897491455,-11.691,33.967,3.543
4.973721027374268,-11.902,34.126,3.895
4.986048936843872,-12.12,34.284,4.284
4.9941630363464355,-12.342,34.438,4.702
5.0042290687561035,-12.555,34.573,5.116
5.014051914215088,-12.754,34.653,5.468
5.024197101593018,-12.946,34.657,5.771
5.03718900680542,-13.155,34.616,6.079
5.04406213760376,-13.402,34.567,6.376
5.05422306060791,-13.691,34.531,6.659
5.064003944396973,-14.012,34.518,6.961
5.074038982391357,-14.375,34.511,7.306
5.087223052978516,-14.786,34.491,7.712
5.093943119049072,-15.231,34.459,8.173
5.10424280166626,-15.699,34.436,8.665
5.114062786102295,-16.183,34.436,9.166
5.124269962310791,-16.674,34.459,9.661
5.137138843536377,-17.17,34.496,10.153
5.1441497802734375,-17.677,34.533,10.645
5.154253005981445,-18.205,34.557,11.137
5.164232969284058,-18.768,34.566,11.622
5.174232006072998,-19.356,34.562,12.093
5.187213897705078,-19.958,34.549,12.549
5.194072961807251,-20.57,34.535,13.0
5.204441070556641,-21.194,34.516,13.491
5.214261054992676,-21.823,34.479,14.006
5.224451065063477,-22.443,34.421,14.503
5.23732590675354,-23.048,34.359,14.95
5.244233131408691,-23.636,34.317,15.352
5.254473924636841,-24.207,34.311,15.714
5.2644548416137695,-24.773,34.336,16.036
5.274458885192871,-25.343,34.382,16.323
5.2867960929870605,-25.924,34.425,16.599
5.294282913208008,-26.514,34.452,16.888
5.304521083831787,-27.114,34.459,17.198
5.3142409324646,-27.733,34.456,17.542
5.3245649337768555,-28.374,34.45,17.943
5.3367600440979,-29.02,34.458,18.38
5.344430923461914,-29.669,34.491,18.816
5.354548931121826,-30.317,34.549,19.223
5.36444091796875,-30.949,34.626,19.591
5.374454021453857,-31.561,34.702,19.92
5.3867199420928955,-32.153,34.755,20.21
5.394511938095093,-32.724,34.766,20.455
5.4048237800598145,-33.281,34.726,20.67
5.41441798210144,-33.836,34.646,20.886
5.424675941467285,-34.403,34.557,21.132
5.4374470710754395,-34.979,34.485,21.426
5.4444499015808105,-35.564,34.44,21.768
5.45465612411499,-36.153,34.422,22.122
5.464679956436157,-36.741,34.423,22.465
5.47471809387207,-37.314,34.438,22.796
5.487567901611328,-37.871,34.463,23.114
5.4947509765625,-38.423,34.502,23.401
5.504746913909912,-38.971,34.551,23.657
5.514527797698975,-39.513,34.6,23.887
5.525218963623047,-40.039,34.636,24.096
5.537415027618408,-40.553,34.668,24.287
5.544548034667969,-41.052,34.69,24.469
5.5547239780426025,-41.539,34.696,24.654
5.564681053161621,-42.025,34.693,24.858
5.574774980545044,-42.518,34.681,25.071
5.587772846221924,-43.017,34.659,25.301
5.594757080078125,-43.519,34.635,25.567
5.604934930801392,-44.033,34.618,25.861
5.614794969558716,-44.572,34.614,26.175
5.624928951263428,-45.136,34.616,26.516
5.637669086456299,-45.721,34.617,26.877
5.644649982452393,-46.321,34.616,27.242
5.654902935028076,-46.915,34.606,27.598
5.664693832397461,-47.5,34.567,27.941
5.674860000610352,-48.076,34.499,28.272
5.6878838539123535,-48.641,34.415,28.605
5.694879055023193,-49.196,34.329,28.942
5.705169916152954,-49.739,34.244,29.285
5.714869976043701,-50.265,34.153,29.626
5.7251739501953125,-50.77,34.045,29.959
5.7376627922058105,-51.263,33.919,30.292
5.744990825653076,-51.754,33.784,30.629
5.755122900009155,-52.253,33.651,30.979
5.764887809753418,-52.764,33.534,31.345
5.775044918060303,-53.286,33.437,31.744
5.787726879119873,-53.817,33.364,32.195
5.79489278793335,-54.343,33.291,32.651
5.8051159381866455,-54.857,33.205,33.088
5.814896106719971,-55.358,33.105,33.492
5.825159072875977,-55.845,32.996,33.85
5.837792873382568,-56.319,32.874,34.17
5.8449389934539795,-56.777,32.737,34.469
5.855219841003418,-57.227,32.592,34.778
5.864985942840576,-57.692,32.458,35.143
5.8750410079956055,-58.195,32.346,35.576
5.887893915176392,-58.745,32.261,36.079
5.89507794380188,-59.334,32.204,36.647
5.90525484085083,-59.943,32.168,37.248
5.915008068084717,-60.55,32.134,37.857
5.9252519607543945,-61.136,32.089,38.44
5.94494891166687,-61.693,32.023,38.968
5.945717811584473,-62.218,31.919,39.428
5.954949855804443,-62.703,31.768,39.826
5.965174913406372,-63.163,31.572,40.19
5.975085973739624,-63.617,31.334,40.569
5.98804497718811,-64.075,31.069,40.993
5.995258808135986,-64.543,30.803,41.469
6.005033016204834,-65.011,30.555,42.002
6.0147271156311035,-65.478,30.324,42.597
6.02495002746582,-65.948,30.091,43.229
6.0351738929748535,-66.417,29.847,43.866
6.0456459522247314,-66.882,29.591,44.469
6.0553669929504395,-67.326,29.338,45.001
6.065499782562256,-67.735,29.103,45.448
6.075453996658325,-68.108,28.877,45.827
6.088101863861084,-68.446,28.655,46.148
6.095302104949951,-68.753,28.434,46.425
6.105633974075317,-69.039,28.207,46.69
6.115278005599976,-69.317,27.974,46.989
6.125690937042236,-69.617,27.729,47.345
6.138078927993774,-69.95,27.477,47.756
6.145476818084717,-70.316,27.224,48.225
6.15546989440918,-70.703,26.972,48.736
6.165408134460449,-71.1,26.713,49.253
6.175436019897461,-71.498,26.436,49.741
6.188085079193115,-71.876,26.14,50.166
6.195472955703735,-72.226,25.825,50.52
6.205542087554932,-72.553,25.503,50.824
6.215351104736328,-72.877,25.184,51.091
6.2257280349731445,-73.207,24.884,51.332
6.238574981689453,-73.549,24.606,51.582
6.245543003082275,-73.917,24.348,51.878
6.255703926086426,-74.329,24.102,52.243
6.265512943267822,-74.79,23.853,52.678
6.275716781616211,-75.295,23.59,53.18
6.286466121673584,-75.823,23.307,53.733
6.295735836029053,-76.352,23.001,54.285
6.305718898773193,-76.859,22.665,54.795
6.31546688079834,-77.334,22.304,55.239
6.325777053833008,-77.778,21.932,55.614
6.338795900344849,-78.205,21.571,55.95
6.3456010818481445,-78.631,21.231,56.26
6.355787992477417,-79.063,20.915,56.565
6.365638971328735,-79.496,20.613,56.87
6.375760078430176,-79.92,20.311,57.168
6.388408899307251,-80.328,19.998,57.453
6.395653963088989,-80.716,19.676,57.712
6.405858993530273,-81.083,19.341,57.928
6.415658950805664,-81.418,18.982,58.066
6.425806045532227,-81.709,18.586,58.122
6.438738822937012,-81.964,18.162,58.123
6.445794105529785,-82.214,17.735,58.136
6.455841064453125,-82.502,17.333,58.239
6.465718984603882,-82.859,16.983,58.48
6.475922107696533,-83.306,16.69,58.853
6.4888529777526855,-83.839,16.442,59.308
6.4957098960876465,-84.42,16.218,59.783
6.506210803985596,-84.998,16.0,60.222
6.515809059143066,-85.529,15.778,60.588
6.525923013687134,-85.993,15.541,60.869
6.53859806060791,-86.38,15.289,61.065
6.5457658767700195,-86.701,15.03,61.197
6.556498050689697,-86.986,14.777,61.309
6.565846920013428,-87.262,14.532,61.435
6.576034069061279,-87.542,14.292,61.58
6.588441848754883,-87.821,14.043,61.739
6.595887899398804,-88.094,13.781,61.895
6.606032848358154,-88.362,13.509,62.046
6.615909099578857,-88.637,13.228,62.189
6.626163005828857,-88.926,12.933,62.331
6.638566970825195,-89.225,12.623,62.49
6.645956039428711,-89.536,12.311,62.668
6.656122922897339,-89.861,12.004,62.88
6.6658830642700195,-90.205,11.704,63.121
6.676177024841309,-90.552,11.416,63.379
6.688755989074707,-90.891,11.135,63.67
6.69602108001709,-91.218,10.848,63.947
6.70619797706604,-91.516,10.55,64.207
6.716302871704102,-91.792,10.239,64.449
6.726207971572876,-92.066,9.926,64.698
6.738985061645508,-92.35,9.624,64.959
6.7461769580841064,-92.645,9.336,65.245
6.756397008895874,-92.941,9.062,65.538
6.766118049621582,-93.228,8.805,65.841
6.7763848304748535,-93.49,8.553,66.138
6.788951873779297,-93.713,8.301,66.421
6.7960968017578125,-93.905,8.048,66.695
6.806274890899658,-94.071,7.805,66.963
6.816155910491943,-94.215,7.574,67.21
6.826395034790039,-94.339,7.357,67.438
6.839107990264893,-94.445,7.162,67.656
6.846159934997559,-94.54,6.999,67.877
6.856344938278198,-94.631,6.861,68.109
6.866188049316406,-94.726,6.737,68.363
6.876368999481201,-94.835,6.621,68.665
6.88900089263916,-94.968,6.512,69.033
6.896199941635132,-95.113,6.407,69.457
6.906450986862183,-95.252,6.302,69.921
6.916254997253418,-95.374,6.191,70.404
6.926499843597412,-95.48,6.076,70.898
6.938805103302002,-95.573,5.959,71.384
6.9463300704956055,-95.645,5.852,71.864
6.956576824188232,-95.7,5.76,72.318
6.966285943984985,-95.76,5.694,72.763
6.976688861846924,-95.852,5.661,73.222
6.995790004730225,-95.987,5.651,73.696
6.996584892272949,-96.143,5.64,74.173
7.006428956985474,-96.288,5.596,74.627
7.016189098358154,-96.398,5.511,75.052
7.0265820026397705,-96.475,5.394,75.448
7.039057016372681,-96.537,5.266,75.814
7.046432018280029,-96.594,5.137,76.152
7.056474924087524,-96.651,5.004,76.47
7.066431999206543,-96.71,4.86,76.79
7.077371120452881,-96.789,4.707,77.139
7.089078903198242,-96.907,4.563,77.536
7.096549034118652,-97.071,4.44,77.95
7.106703996658325,-97.265,4.337,78.36
7.116503953933716,-97.471,4.248,78.733
7.126697063446045,-97.667,4.169,79.061
7.139110088348389,-97.833,4.091,79.342
7.14662504196167,-97.96,4.007,79.565
7.156800985336304,-98.047,3.918,79.714
7.166553974151611,-98.093,3.83,79.818
7.177444934844971,-98.122,3.743,79.907
7.18916392326355,-98.169,3.665,79.99
7.196633815765381,-98.25,3.603,80.081
7.206808090209961,-98.365,3.553,80.198
7.2167840003967285,-98.501,3.517,80.336
7.2268757820129395,-98.648,3.497,80.496
7.239067077636719,-98.798,3.478,80.678
7.246735095977783,-98.95,3.439,80.89
7.257097959518433,-99.096,3.369,81.13
7.266892910003662,-99.231,3.278,81.393
7.277523994445801,-99.351,3.181,81.654
7.289391040802002,-99.449,3.101,81.888
7.296773910522461,-99.543,3.043,82.152
7.3077778816223145,-99.646,2.992,82.435
7.3167901039123535,-99.745,2.94,82.752
7.326951026916504,-99.838,2.872,83.111
7.33937406539917,-99.934,2.791,83.477
7.346817970275879,-100.013,2.713,83.802
7.357851028442383,-100.055,2.657,84.074
7.366847038269043,-100.06,2.632,84.281
7.377440929412842,-100.043,2.642,84.413
7.389343976974487,-100.016,2.678,84.498
7.396965980529785,-99.984,2.731,84.555
7.4078569412231445,-99.95,2.789,84.602
7.416952133178711,-99.92,2.848,84.636
7.427103042602539,-99.893,2.903,84.642
7.439661979675293,-99.87,2.956,84.628
7.447068929672241,-99.853,3.007,84.626
7.457798957824707,-99.832,3.044,84.655
7.46720290184021,-99.797,3.061,84.68
7.477519989013672,-99.756,3.055,84.708
7.48970890045166,-99.713,3.038,84.731
7.496953964233398,-99.672,3.024,84.728
7.507467985153198,-99.639,3.032,84.701
7.517819881439209,-99.61,3.068,84.644
7.527416944503784,-99.563,3.131,84.587
7.539608001708984,-99.501,3.212,84.553
7.547821044921875,-99.444,3.304,84.561
7.557971954345703,-99.409,3.41,84.63
7.568037986755371,-99.387,3.517,84.782
7.577678918838501,-99.38,3.611,84.996
7.589684963226318,-99.387,3.681,85.22
7.597676992416382,-99.373,3.734,85.405
7.607814788818359,-99.315,3.787,85.503
7.6178319454193115,-99.229,3.869,85.514
7.628123998641968,-99.15,3.969,85.427
7.639679908752441,-99.1,4.072,85.263
7.647815942764282,-99.072,4.186,85.062
7.657850980758667,-99.041,4.313,84.857
7.667881965637207,-98.991,4.443,84.662
7.677637100219727,-98.932,4.562,84.494
7.689791917800903,-98.901,4.664,84.371
7.6978020668029785,-98.911,4.756,84.287
7.707876920700073,-98.927,4.831,84.189
7.718163967132568,-98.93,4.883,84.065
7.728169918060303,-98.923,4.911,83.929
7.739964962005615,-98.903,4.916,83.791
7.747731924057007,-98.864,4.898,83.66
7.757908821105957,-98.807,4.872,83.543
7.767934799194336,-98.735,4.858,83.456
7.777691841125488,-98.655,4.86,83.392
7.790032863616943,-98.583,4.862,83.361
7.797689914703369,-98.52,4.85,83.36
7.808015823364258,-98.456,4.835,83.393
7.817841053009033,-98.383,4.812,83.446
7.828073978424072,-98.296,4.771,83.498
7.8402180671691895,-98.195,4.717,83.537
7.8476128578186035,-98.089,4.654,83.571
7.858091831207275,-97.988,4.59,83.593
7.867918014526367,-97.899,4.537,83.596
7.878097057342529,-97.829,4.489,83.59
7.890018939971924,-97.781,4.434,83.591
7.897841930389404,-97.75,4.37,83.597
7.908141136169434,-97.725,4.299,83.608
7.917884826660156,-97.713,4.224,83.622
7.9281158447265625,-97.709,4.163,83.648
7.939970970153809,-97.713,4.112,83.695
7.9479570388793945,-97.742,4.059,83.766
7.958017826080322,-97.801,4.003,83.848
7.968113899230957,-97.871,3.936,83.91
7.977874994277954,-97.935,3.864,83.956
7.9900219440460205,-97.987,3.798,83.985
7.995082855224609,-98.032,3.745,84.006
8.006874084472656,-98.076,3.717,84.038
8.015077114105225,-98.12,3.712,84.094
8.02522087097168,-98.163,3.716,84.184
8.034976959228516,-98.212,3.722,84.316
8.046587944030762,-98.268,3.725,84.494
8.055331945419312,-98.339,3.731,84.704
8.064970016479492,-98.425,3.754,84.934
8.074914932250977,-98.514,3.782,85.138
8.084832906723022,-98.58,3.802,85.279
8.094958782196045,-98.611,3.82,85.356
8.106331825256348,-98.616,3.845,85.372
8.115065097808838,-98.61,3.878,85.351
8.125382900238037,-98.61,3.904,85.332
8.135276794433594,-98.624,3.918,85.336
8.145473003387451,-98.66,3.926,85.371
8.156207084655762,-98.715,3.932,85.429
8.165380001068115,-98.773,3.946,85.487
8.175300121307373,-98.813,3.97,85.523
8.185375928878784,-98.817,4.004,85.517
8.19535493850708,-98.777,4.038,85.466
8.206321001052856,-98.692,4.07,85.376
8.215208053588867,-98.581,4.108,85.278
8.225555896759033,-98.474,4.16,85.203
8.23531198501587,-98.386,4.238,85.15
8.245347023010254,-98.31,4.351,85.104
8.256247997283936,-98.237,4.498,85.061
8.265281915664673,-98.157,4.686,85.011
8.275409936904907,-98.065,4.932,84.943
8.285665035247803,-97.968,5.232,84.861
8.295302867889404,-97.876,5.574,84.762
8.306972026824951,-97.783,5.954,84.633
8.315418004989624,-97.673,6.366,84.471
8.325428009033203,-97.553,6.818,84.282
8.335289001464844,-97.442,7.314,84.091
8.3454430103302,-97.344,7.86,83.911
8.356680870056152,-97.26,8.476,83.725
8.36559009552002,-97.182,9.165,83.535
8.375710010528564,-97.101,9.918,83.344
8.38545298576355,-97.01,10.732,83.164
8.395637035369873,-96.917,11.592,83.001
8.406600952148438,-96.818,12.478,82.843
8.415560960769653,-96.698,13.358,82.692
8.42566990852356,-96.547,14.201,82.505
8.435587882995605,-96.343,14.991,82.258
8.445629119873047,-96.09,15.745,81.963
8.456875801086426,-95.813,16.476,81.618
8.465559005737305,-95.537,17.195,81.241
8.475764989852905,-95.274,17.927,80.847
8.485611915588379,-95.023,18.686,80.451
8.49583101272583,-94.788,19.47,80.086
8.506631851196289,-94.573,20.273,79.75
8.515552043914795,-94.373,21.077,79.451
8.525732040405273,-94.176,21.85,79.198
8.535614967346191,-93.968,22.558,78.975
8.545790910720825,-93.725,23.189,78.771
8.556803941726685,-93.44,23.761,78.575
8.565735816955566,-93.13,24.324,78.376
8.575859069824219,-92.827,24.921,78.196
8.585624933242798,-92.55,25.564,78.07
8.59591007232666,-92.297,26.235,77.995
8.606684923171997,-92.066,26.878,77.951
8.615748882293701,-91.825,27.5,77.869
8.625473022460938,-91.539,28.118,77.71
8.635246992111206,-91.22,28.727,77.493
8.646122932434082,-90.889,29.308,77.252
8.657012939453125,-90.558,29.826,77.015
8.665741920471191,-90.261,30.264,76.802
8.676011085510254,-90.024,30.641,76.633
8.685811996459961,-89.838,30.97,76.516
8.6959547996521,-89.698,31.276,76.438
8.707104921340942,-89.6,31.597,76.373
8.71577787399292,-89.528,31.962,76.289
8.726175785064697,-89.457,32.367,76.152
8.735965013504028,-89.343,32.801,75.94
8.746204853057861,-89.144,33.233,75.622
8.757822036743164,-88.857,33.64,75.219
8.765923023223877,-88.515,34.019,74.806
8.776118993759155,-88.159,34.385,74.436
8.785869121551514,-87.802,34.772,74.107
8.796127796173096,-87.446,35.196,73.806
8.806862831115723,-87.091,35.672,73.495
8.816077947616577,-86.757,36.202,73.211
8.826199054718018,-86.487,36.766,73.034
8.836045980453491,-86.299,37.349,72.97
8.84624195098877,-86.158,37.937,72.955
8.857258796691895,-86.015,38.513,72.901
8.866050004959106,-85.843,39.074,72.78
8.87625789642334,-85.626,39.627,72.552
8.886088848114014,-85.366,40.173,72.229
8.896168947219849,-85.087,40.718,71.864
8.90787410736084,-84.819,41.265,71.506
8.91596508026123,-84.586,41.795,71.206
8.926232814788818,-84.39,42.327,70.967
8.936180114746094,-84.19,42.901,70.717
8.946180820465088,-83.937,43.503,70.406
8.9581139087677,-83.61,44.057,70.066
8.966302871704102,-83.216,44.535,69.711
8.976330995559692,-82.778,44.974,69.315
8.986127853393555,-82.326,45.406,68.873
8.996293067932129,-81.896,45.85,68.457
9.008194923400879,-81.501,46.334,68.088
9.015846967697144,-81.123,46.86,67.715
9.026400089263916,-80.731,47.389,67.31
9.036248922348022,-80.316,47.886,66.897
9.046504020690918,-79.923,48.348,66.556
9.057919025421143,-79.59,48.797,66.279
9.066334962844849,-79.335,49.27,66.075
9.076455116271973,-79.184,49.777,65.957
9.086319923400879,-79.1,50.311,65.888
9.09881591796875,-79.049,50.845,65.852
9.107255935668945,-79.031,51.329,65.838
9.116075992584229,-79.019,51.75,65.794
9.126358985900879,-78.975,52.142,65.685
9.136328935623169,-78.924,52.559,65.521
9.14646601676941,-78.899,53.015,65.371
9.158046960830688,-78.936,53.495,65.293
9.166445016860962,-79.05,53.99,65.307
9.177310943603516,-79.234,54.501,65.395
9.186506986618042,-79.437,55.012,65.484
9.196605920791626,-79.544,55.534,65.458
9.208220958709717,-79.503,56.059,65.262
9.216497898101807,-79.322,56.565,64.917
9.226655006408691,-79.037,57.024,64.481
9.237201929092407,-78.674,57.43,64.034
9.246798038482666,-78.26,57.832,63.608
9.258323907852173,-77.829,58.267,63.244
9.266687870025635,-77.396,58.719,62.927
9.277482032775879,-76.977,59.179,62.629
9.286540985107422,-76.598,59.666,62.372
9.296798944473267,-76.302,60.187,62.203
9.308353900909424,-76.068,60.73,62.081
9.316713809967041,-75.803,61.257,61.931
9.32682991027832,-75.452,61.734,61.702
9.337347984313965,-74.982,62.164,61.359
9.34682297706604,-74.371,62.575,60.886
9.358536005020142,-73.705,62.975,60.387
9.366800785064697,-73.071,63.363,59.951
9.37750792503357,-72.464,63.772,59.547
9.387115001678467,-71.844,64.242,59.132
9.396889925003052,-71.252,64.749,58.769
9.408381938934326,-70.709,65.276,58.533
9.416800022125244,-70.183,65.843,58.414
9.426965951919556,-69.688,66.402,58.378
9.437150001525879,-69.203,66.906,58.335
9.44688606262207,-68.678,67.344,58.147
9.458353042602539,-68.031,67.708,57.682
9.466845035552979,-67.168,67.972,56.897
9.477540016174316,-66.092,68.154,55.885
9.4873628616333,-65.029,68.342,54.911
9.496962070465088,-64.078,68.567,54.027
9.508544921875,-63.182,68.833,53.234
9.51689100265503,-62.305,69.144,52.531
9.527126789093018,-61.503,69.499,51.93
9.537345886230469,-60.751,69.871,51.378
9.547066926956177,-59.985,70.218,50.839
9.558648109436035,-59.247,70.508,50.4
9.56726884841919,-58.505,70.767,49.986
9.577245950698853,-57.719,71.036,49.515
9.587677955627441,-56.854,71.32,48.921
9.597091913223267,-55.853,71.552,48.131
9.60884690284729,-54.707,71.697,47.168
9.61713194847107,-53.537,71.806,46.174
9.626540899276733,-52.443,71.891,45.209
9.637428998947144,-51.468,71.957,44.321
9.647417068481445,-50.645,72.017,43.549
9.658818006515503,-50.049,72.089,42.966
9.667294025421143,-49.705,72.188,42.61
9.677640914916992,-49.45,72.319,42.333
9.687339782714844,-49.122,72.46,42.008
9.697230815887451,-48.725,72.589,41.635
9.708808898925781,-48.324,72.713,41.261
9.717360019683838,-47.964,72.845,40.911
9.72824478149414,-47.716,72.976,40.64
9.73728084564209,-47.601,73.088,40.454
9.747205972671509,-47.564,73.162,40.332
9.758975982666016,-47.619,73.175,40.275
9.767899990081787,-47.728,73.109,40.272
9.777759075164795,-47.862,72.966,40.344
9.787386894226074,-48.066,72.805,40.533
9.79803991317749,-48.194,72.731,40.637
9.808937072753906,-48.135,72.765,40.513
9.818068027496338,-47.994,72.865,40.295
9.828211784362793,-47.952,73.034,40.239
9.837577819824219,-48.222,73.281,40.558
9.848074913024902,-48.658,73.589,41.057
9.858927011489868,-48.99,73.893,41.444
9.868008136749268,-49.096,74.143,41.598
9.877684116363525,-48.971,74.334,41.521
9.887403011322021,-48.674,74.468,41.28
9.898157119750977,-48.265,74.555,40.928
9.908988952636719,-47.788,74.606,40.534
9.917980909347534,-47.314,74.646,40.181
9.928205966949463,-46.898,74.693,39.927
9.93743896484375,-46.585,74.757,39.809
9.948130130767822,-46.339,74.86,39.724
9.959131956100464,-46.131,75.014,39.583
9.968212127685547,-45.987,75.203,39.427
9.9772789478302,-45.862,75.402,39.255
9.986861944198608,-45.658,75.6,39.004
9.99719500541687,-45.411,75.784,38.714
10.006968975067139,-45.173,75.944,38.452
10.016815900802612,-44.939,76.077,38.219
10.027257919311523,-44.635,76.188,37.928
10.037675857543945,-44.184,76.253,37.448
10.048311948776245,-43.603,76.248,36.807
10.059314012527466,-43.098,76.199,36.238
10.066904067993164,-42.769,76.138,35.869
10.077742099761963,-42.652,76.106,35.735
10.087515830993652,-42.667,76.092,35.742
10.098362922668457,-42.696,76.066,35.765
10.108942031860352,-42.679,76.021,35.73
10.117526054382324,-42.682,75.955,35.697
10.128410816192627,-42.725,75.87,35.698
10.137689113616943,-42.721,75.767,35.63
10.157896995544434,-42.581,75.663,35.398
10.158791065216064,-42.332,75.571,35.046
10.167815923690796,-42.1,75.495,34.725
10.177950859069824,-41.981,75.44,34.551
10.18779993057251,-41.966,75.396,34.506
10.198272943496704,-41.99,75.349,34.497
10.209428787231445,-42.03,75.297,34.5
10.217966079711914,-42.135,75.242,34.572
10.228194952011108,-42.349,75.19,34.775
10.237850904464722,-42.611,75.138,35.031
10.248250961303711,-42.762,75.08,35.133
10.259645938873291,-42.745,75.008,35.032
10.268070936203003,-42.648,74.934,34.845
10.277976036071777,-42.558,74.873,34.698
10.287957906723022,-42.549,74.829,34.658
10.298358917236328,-42.558,74.779,34.64
10.309607028961182,-42.45,74.694,34.493
10.31803297996521,-42.201,74.56,34.196
10.328519821166992,-41.967,74.381,33.919
10.337922096252441,-41.836,74.192,33.762
10.348335981369019,-41.807,74.028,33.74
10.359318017959595,-41.917,73.9,33.893
10.367950916290283,-42.115,73.804,34.134
10.378173828125,-42.278,73.718,34.287
10.38788390159607,-42.314,73.623,34.239
10.398353099822998,-42.227,73.487,34.027
10.409511089324951,-42.139,73.289,33.83
10.418020009994507,-42.194,73.053,33.831
10.428313970565796,-42.417,72.801,34.048
10.438045978546143,-42.519,72.501,34.163
10.448288917541504,-42.356,72.102,33.991
10.459573984146118,-42.025,71.598,33.634
10.467952966690063,-41.624,71.037,33.179
10.478168964385986,-41.195,70.488,32.635
10.488150119781494,-40.692,69.961,31.873
10.498275995254517,-40.084,69.421,30.898
10.509879112243652,-39.56,68.96,30.083
10.51820707321167,-39.292,68.657,29.605
10.528421878814697,-39.291,68.513,29.464
10.53807783126831,-39.49,68.478,29.58
10.548409938812256,-39.786,68.476,29.81
10.560240983963013,-40.056,68.443,29.983
10.567759990692139,-40.182,68.369,29.985
10.5776948928833,-40.131,68.247,29.811
10.587594985961914,-39.948,68.067,29.538
10.597630023956299,-39.745,67.834,29.275
10.607651948928833,-39.597,67.561,29.076
10.617599964141846,-39.526,67.264,28.957
10.628391981124878,-39.513,66.956,28.863
10.638195037841797,-39.466,66.642,28.677
10.648332118988037,-39.35,66.332,28.405
10.65991997718811,-39.226,66.045,28.134
10.66832685470581,-39.157,65.771,27.953
10.678404808044434,-39.127,65.509,27.841
10.688315868377686,-39.066,65.283,27.737
10.698472023010254,-38.955,65.083,27.6
10.709738969802856,-38.799,64.885,27.408
10.718360900878906,-38.614,64.659,27.14
10.72848391532898,-38.44,64.394,26.872
10.738447904586792,-38.317,64.102,26.688
10.748517990112305,-38.216,63.814,26.545
10.760201930999756,-38.063,63.543,26.356
10.76843786239624,-37.841,63.288,26.129
10.778448104858398,-37.596,63.064,25.928
10.78834581375122,-37.387,62.887,25.8
10.798751831054688,-37.26,62.746,25.775
10.810165882110596,-37.24,62.603,25.859
10.818400859832764,-37.347,62.414,26.047
10.828742027282715,-37.503,62.154,26.235
10.838418006896973,-37.52,61.838,26.213
10.848648071289062,-37.402,61.477,26.018
10.860232830047607,-37.259,61.088,25.819
10.868488788604736,-37.135,60.704,25.675
10.878707885742188,-37.03,60.338,25.581
10.888570785522461,-36.935,59.988,25.53
10.89870309829712,-36.866,59.655,25.529
10.910069942474365,-36.806,59.338,25.534
10.918713092803955,-36.707,59.031,25.476
10.928793907165527,-36.536,58.732,25.295
10.938663005828857,-36.286,58.436,24.983
10.94877004623413,-35.997,58.122,24.628
10.960226058959961,-35.747,57.802,24.339
10.968681812286377,-35.576,57.477,24.135
10.97876501083374,-35.467,57.138,23.997
10.988670825958252,-35.35,56.804,23.84
10.998852014541626,-35.157,56.491,23.595
11.010138034820557,-34.863,56.213,23.255
11.018698930740356,-34.516,55.954,22.842
11.028915882110596,-34.168,55.687,22.432
11.03883981704712,-33.872,55.415,22.097
11.048964023590088,-33.632,55.152,21.823
11.060269832611084,-33.413,54.889,21.553
11.068818092346191,-33.203,54.601,21.281
11.078915119171143,-32.998,54.282,21.007
11.088939905166626,-32.742,53.965,20.695
11.099029064178467,-32.386,53.669,20.3
11.110492944717407,-31.973,53.371,19.856
11.11884093284607,-31.565,53.039,19.417
11.12902307510376,-31.174,52.649,18.981
11.138875961303711,-30.799,52.198,18.525
11.149026870727539,-30.454,51.718,18.088
11.160591125488281,-30.137,51.239,17.721
11.16893196105957,-29.809,50.781,17.372
11.179027080535889,-29.442,50.316,16.981
11.188853979110718,-29.046,49.822,16.553
11.205403804779053,-28.627,49.286,16.11
11.208930015563965,-28.219,48.714,15.69
11.218585014343262,-27.85,48.13,15.311
11.228832006454468,-27.516,47.557,14.95
11.23869800567627,-27.21,47.009,14.607
11.249115943908691,-26.938,46.494,14.283
11.260324001312256,-26.704,46.006,13.992
11.268976926803589,-26.495,45.536,13.738
11.279336929321289,-26.292,45.087,13.498
11.289076805114746,-26.057,44.667,13.246
11.299371004104614,-25.788,44.271,12.997
11.310760974884033,-25.519,43.889,12.76
11.319323062896729,-25.269,43.509,12.516
11.329386949539185,-25.032,43.125,12.235
11.339160919189453,-24.783,42.733,11.902
11.349251985549927,-24.494,42.34,11.519
11.36043405532837,-24.152,41.954,11.114
11.369135856628418,-23.795,41.579,10.734
11.37928581237793,-23.471,41.215,10.406
11.389189004898071,-23.204,40.85,10.12
11.399329900741577,-22.982,40.451,9.856
11.410470962524414,-22.805,39.994,9.609
11.41923999786377,-22.67,39.485,9.38
11.429292917251587,-22.568,38.946,9.185
11.439130783081055,-22.468,38.414,9.018
11.449337005615234,-22.349,37.918,8.872
11.460649967193604,-22.194,37.469,8.725
11.469330787658691,-21.996,37.068,8.543
11.479505062103271,-21.779,36.692,8.336
11.489410877227783,-21.579,36.323,8.129
11.499384880065918,-21.392,35.947,7.92
11.510716915130615,-21.194,35.564,7.691
11.519231796264648,-20.982,35.183,7.451
11.529510021209717,-20.793,34.828,7.24
11.539294958114624,-20.659,34.524,7.076
11.549501895904541,-20.568,34.284,6.93
11.56093692779541,-20.49,34.099,6.792
11.570191860198975,-20.405,33.948,6.671
11.579572916030884,-20.306,33.799,6.572
11.589488983154297,-20.206,33.637,6.501
11.599602937698364,-20.115,33.457,6.449
11.610472917556763,-20.031,33.247,6.401
11.619548797607422,-19.954,33.003,6.33
11.629625797271729,-19.871,32.736,6.215
11.639427900314331,-19.778,32.455,6.058
11.649699926376343,-19.685,32.159,5.895
11.660270929336548,-19.608,31.859,5.769
11.66956090927124,-19.553,31.557,5.698
11.679677963256836,-19.498,31.254,5.683
11.689653873443604,-19.413,30.957,5.722
11.699689865112305,-19.286,30.678,5.774
11.710521936416626,-19.125,30.404,5.792
11.719543933868408,-18.93,30.117,5.752
11.729671001434326,-18.718,29.812,5.67
11.739612102508545,-18.502,29.502,5.53
11.749818801879883,-18.274,29.191,5.334
11.760592937469482,-18.05,28.889,5.128
11.769591808319092,-17.851,28.61,4.961
11.779757022857666,-17.683,28.376,4.854
11.789597034454346,-17.538,28.18,4.79
11.799956798553467,-17.399,27.991,4.746
11.810986995697021,-17.259,27.781,4.704
11.819788932800293,-17.112,27.536,4.664
11.830127954483032,-16.955,27.258,4.625
11.839801788330078,-16.781,26.951,4.57
11.850162029266357,-16.589,26.609,4.478
11.860582828521729,-16.393,26.229,4.374
11.869765996932983,-16.217,25.834,4.286
11.879959106445312,-16.07,25.44,4.224
11.889774799346924,-15.954,25.049,4.187
11.90005898475647,-15.855,24.656,4.163
11.910727977752686,-15.751,24.25,4.138
11.919743061065674,-15.624,23.806,4.089
11.929996013641357,-15.472,23.308,4.001
11.939763069152832,-15.308,22.779,3.896
11.950124979019165,-15.147,22.267,3.829
11.960460901260376,-14.99,21.812,3.831
11.970015048980713,-14.824,21.413,3.864
11.98008108139038,-14.635,21.037,3.893
11.989797115325928,-14.435,20.661,3.929
12.000059127807617,-14.243,20.281,3.957
12.010573863983154,-14.054,19.908,3.949
12.019987106323242,-13.848,19.55,3.923
12.030128955841064,-13.633,19.234,3.926
12.039991855621338,-13.411,18.985,3.989
12.050193786621094,-13.175,18.808,4.09
12.060781955718994,-12.926,18.686,4.182
12.07000994682312,-12.68,18.593,4.241
12.080302000045776,-12.47,18.529,4.289
12.090109825134277,-12.318,18.508,4.347
12.100310802459717,-12.205,18.527,4.428
12.11077094078064,-12.105,18.56,4.526
12.120214939117432,-12.01,18.569,4.652
12.130352020263672,-11.922,18.532,4.82
12.140114784240723,-11.854,18.454,5.009
12.150259971618652,-11.832,18.349,5.218
12.160515785217285,-11.887,18.252,5.474
12.170186996459961,-12.011,18.18,5.762
12.180245876312256,-12.159,18.114,6.016
12.190088987350464,-12.292,18.024,6.194
12.200331926345825,-12.399,17.899,6.321
12.210767984390259,-12.484,17.761,6.428
12.220269918441772,-12.57,17.635,6.562
12.23031997680664,-12.688,17.543,6.746
12.24026894569397,-12.849,17.511,7.012
12.256696939468384,-13.049,17.545,7.365
12.260196924209595,-13.264,17.616,7.722
12.270054817199707,-13.462,17.662,8.009
12.280182838439941,-13.635,17.633,8.214
12.290345907211304,-13.789,17.528,8.369
12.300260066986084,-13.947,17.387,8.533
12.310774803161621,-14.126,17.257,8.781
12.32032585144043,-14.339,17.164,9.122
12.330459117889404,-14.574,17.103,9.5
12.340492963790894,-14.806,17.065,9.911
12.350520133972168,-15.032,17.057,10.332
12.360918998718262,-15.263,17.084,10.766
12.370422840118408,-15.508,17.141,11.237
12.380535125732422,-15.77,17.212,11.749
12.390481948852539,-16.041,17.276,12.302
12.400580883026123,-16.328,17.319,12.89
12.410881042480469,-16.641,17.328,13.495
12.420483112335205,-16.973,17.296,14.085
12.430585861206055,-17.306,17.224,14.643
12.44049882888794,-17.625,17.132,15.18
12.450659990310669,-17.917,17.057,15.731
12.461029052734375,-18.188,17.032,16.329
12.470539093017578,-18.477,17.07,16.991
12.480654001235962,-18.813,17.162,17.697
12.490396976470947,-19.184,17.282,18.39
12.500743865966797,-19.521,17.406,19.016
12.510923862457275,-19.797,17.504,19.554
12.520590782165527,-20.043,17.554,20.014
12.530755996704102,-20.301,17.549,20.437
12.540607929229736,-20.607,17.515,20.883
12.550724029541016,-20.97,17.473,21.382
12.561319828033447,-21.358,17.426,21.907
12.571104049682617,-21.733,17.381,22.422
12.580694913864136,-22.073,17.351,22.918
12.59080195426941,-22.388,17.353,23.438
12.600794792175293,-22.703,17.397,24.019
12.61116886138916,-23.054,17.471,24.657
12.62079381942749,-23.448,17.546,25.301
12.63101601600647,-23.865,17.583,25.88
12.640818119049072,-24.292,17.545,26.36
12.650662899017334,-24.719,17.423,26.716
12.660764932632446,-25.113,17.227,26.933
12.67057991027832,-25.459,16.984,26.997
12.680375099182129,-25.776,16.73,26.922
12.69082498550415,-26.079,16.502,26.743
12.700746059417725,-26.388,16.324,26.498
12.71045994758606,-26.711,16.216,26.276
12.720813989639282,-27.075,16.19,26.164
12.730752944946289,-27.493,16.236,26.195
12.740749835968018,-27.937,16.322,26.355
12.750986099243164,-28.376,16.417,26.632
12.761181831359863,-28.784,16.492,26.951
12.770970821380615,-29.117,16.526,27.203
12.781036853790283,-29.341,16.502,27.333
12.790848970413208,-29.466,16.418,27.354
12.800970077514648,-29.514,16.304,27.268
12.810670852661133,-29.499,16.212,27.065
12.820714950561523,-29.447,16.172,26.784
12.83083701133728,-29.39,16.19,26.49
12.840950012207031,-29.368,16.26,26.23
12.851132869720459,-29.399,16.375,26.045
12.86142897605896,-29.473,16.522,25.973
12.871203899383545,-29.555,16.663,25.981
12.881229877471924,-29.609,16.757,25.973
12.891151905059814,-29.628,16.797,25.853
12.901219844818115,-29.623,16.804,25.612
12.911303997039795,-29.623,16.791,25.316
12.921131134033203,-29.661,16.786,25.046
12.931334018707275,-29.755,16.812,24.846
12.941152095794678,-29.9,16.874,24.722
12.951247930526733,-30.091,16.96,24.679
12.961540937423706,-30.307,17.049,24.709
12.971054077148438,-30.518,17.12,24.786
12.981278896331787,-30.704,17.163,24.892
12.991211891174316,-30.877,17.178,25.016
13.001272916793823,-31.058,17.181,25.143
13.011495113372803,-31.257,17.193,25.264
13.021155834197998,-31.491,17.229,25.379
13.031284809112549,-31.779,17.286,25.492
13.041042804718018,-32.117,17.35,25.628
13.051360130310059,-32.483,17.395,25.788
13.061594009399414,-32.822,17.412,25.932
13.07132601737976,-33.087,17.415,26.071
13.0814790725708,-33.286,17.407,26.25
13.09135389328003,-33.451,17.39,26.488
13.101404905319214,-33.612,17.375,26.793
13.111804008483887,-33.798,17.374,27.152
13.121295928955078,-33.998,17.396,27.514
13.131542921066284,-34.182,17.441,27.858
13.14155912399292,-34.349,17.482,28.166
13.151352882385254,-34.503,17.495,28.433
13.16129994392395,-34.644,17.467,28.671
13.171506881713867,-34.782,17.399,28.883
13.181664943695068,-34.939,17.301,29.093
13.19165301322937,-35.116,17.192,29.323
13.201644897460938,-35.294,17.082,29.553
13.211625099182129,-35.452,16.968,29.752
13.221565961837769,-35.583,16.836,29.917
13.231645107269287,-35.693,16.682,30.05
13.241517066955566,-35.799,16.513,30.164
13.251659870147705,-35.911,16.36,30.3
13.261778831481934,-36.042,16.261,30.506
13.271430015563965,-36.2,16.253,30.817
13.281495094299316,-36.387,16.345,31.252
13.291340827941895,-36.599,16.512,31.794
13.307106971740723,-36.821,16.697,32.387
13.311219930648804,-37.029,16.841,32.955
13.321357011795044,-37.211,16.891,33.453
13.331423997879028,-37.361,16.829,33.86
13.341975927352905,-37.472,16.678,34.176
13.351638793945312,-37.545,16.482,34.415
13.361836910247803,-37.606,16.282,34.615
13.371716022491455,-37.685,16.108,34.819
13.381768941879272,-37.795,15.974,35.043
13.391604900360107,-37.931,15.875,35.301
13.401840925216675,-38.083,15.791,35.608
13.412055969238281,-38.251,15.713,35.969
13.421714782714844,-38.434,15.644,36.385
13.431848049163818,-38.63,15.576,36.851
13.441494941711426,-38.825,15.499,37.337
13.451937913894653,-38.997,15.409,37.814
13.461898803710938,-39.137,15.303,38.255
13.471774101257324,-39.255,15.178,38.624
13.481894969940186,-39.353,15.036,38.92
13.491864919662476,-39.429,14.881,39.182
13.501844882965088,-39.503,14.74,39.43
13.511822938919067,-39.606,14.632,39.694
13.521785974502563,-39.757,14.559,40.014
13.531890869140625,-39.95,14.517,40.425
13.541883945465088,-40.165,14.501,40.931
13.551918029785156,-40.379,14.493,41.486
13.561943054199219,-40.569,14.474,42.031
13.571867942810059,-40.722,14.431,42.526
13.58202600479126,-40.842,14.351,42.932
13.591922998428345,-40.931,14.238,43.237
13.601973056793213,-40.997,14.103,43.455
13.611953973770142,-41.066,13.953,43.616
13.62210988998413,-41.144,13.794,43.764
13.632059097290039,-41.229,13.635,43.946
13.642102003097534,-41.32,13.484,44.182
13.652189016342163,-41.416,13.341,44.471
13.662823915481567,-41.506,13.204,44.79
13.672043800354004,-41.585,13.07,45.123
13.682070970535278,-41.656,12.935,45.451
13.691978931427002,-41.725,12.793,45.747
13.702089786529541,-41.798,12.643,45.987
13.712212085723877,-41.879,12.483,46.166
13.724870920181274,-41.972,12.321,46.296
13.73485279083252,-42.076,12.167,46.396
13.745213031768799,-42.189,12.026,46.473
13.754791975021362,-42.302,11.898,46.535
13.765308856964111,-42.426,11.778,46.62
13.77470588684082,-42.561,11.669,46.757
13.784825801849365,-42.7,11.568,46.927
13.795172929763794,-42.845,11.47,47.127
13.804699897766113,-42.998,11.38,47.334
13.815013885498047,-43.165,11.305,47.521
13.824812889099121,-43.337,11.247,47.683
13.834947109222412,-43.51,11.194,47.815
13.845346927642822,-43.682,11.131,47.909
13.854810953140259,-43.849,11.05,47.982
13.86509394645691,-44.007,10.948,48.059
13.87487506866455,-44.142,10.834,48.143
13.885010957717896,-44.248,10.725,48.229
13.895509004592896,-44.329,10.634,48.295
13.904858112335205,-44.399,10.564,48.319
13.914988040924072,-44.47,10.513,48.321
13.924876928329468,-44.553,10.476,48.314
13.935059070587158,-44.646,10.448,48.308
13.945676803588867,-44.739,10.426,48.305
13.955123901367188,-44.819,10.414,48.323
13.965163946151733,-44.882,10.404,48.383
13.975053787231445,-44.924,10.373,48.462
13.985060930252075,-44.943,10.313,48.529
13.995593070983887,-44.94,10.228,48.567
14.00500202178955,-44.922,10.123,48.58
14.015151023864746,-44.901,10.016,48.574
14.02515196800232,-44.896,9.922,48.544
14.035165786743164,-44.921,9.851,48.514
14.04549503326416,-44.978,9.801,48.517
14.055101871490479,-45.059,9.758,48.569
14.065279006958008,-45.145,9.715,48.654
14.07506799697876,-45.217,9.669,48.752
14.085283994674683,-45.274,9.615,48.853
14.09561800956726,-45.329,9.56,48.961
14.105175971984863,-45.393,9.504,49.085
14.115272998809814,-45.475,9.445,49.234
14.125403881072998,-45.567,9.381,49.406
14.135091781616211,-45.651,9.304,49.595
14.145517826080322,-45.722,9.215,49.789
14.15524697303772,-45.787,9.133,49.977
14.16540813446045,-45.858,9.068,50.165
14.175315856933594,-45.938,9.018,50.36
14.1852707862854,-46.025,8.974,50.563
14.195982933044434,-46.122,8.926,50.758
14.205245971679688,-46.23,8.868,50.943
14.215385913848877,-46.347,8.802,51.118
14.225274085998535,-46.473,8.743,51.299
14.235451936721802,-46.597,8.69,51.498
14.245810985565186,-46.715,8.633,51.71
14.255381107330322,-46.827,8.561,51.906
14.265760898590088,-46.93,8.469,52.067
14.275303840637207,-47.024,8.364,52.189
14.28562307357788,-47.12,8.249,52.278
14.295779943466187,-47.219,8.129,52.343
14.305513858795166,-47.324,8.019,52.394
14.315557956695557,-47.433,7.93,52.444
14.325503826141357,-47.546,7.863,52.516
14.335510015487671,-47.664,7.813,52.626
14.34580397605896,-47.787,7.768,52.777
14.355469942092896,-47.909,7.722,52.954
14.367088794708252,-48.028,7.674,53.153
14.375260829925537,-48.144,7.617,53.368
14.38534688949585,-48.263,7.551,53.6
14.395478963851929,-48.386,7.483,53.85
14.405525922775269,-48.511,7.41,54.093
14.415656089782715,-48.628,7.337,54.288
14.425477027893066,-48.724,7.27,54.433
14.435694932937622,-48.806,7.208,54.555
14.446238994598389,-48.892,7.152,54.686
14.455739974975586,-48.978,7.103,54.857
14.465945959091187,-49.055,7.061,55.065
14.475820064544678,-49.127,7.028,55.301
14.48567795753479,-49.199,7.004,55.568
14.496202945709229,-49.276,6.987,55.858
14.505659103393555,-49.363,6.974,56.172
14.515852928161621,-49.459,6.952,56.499
14.525890827178955,-49.548,6.92,56.794
14.535904884338379,-49.608,6.887,57.027
14.54624605178833,-49.636,6.859,57.2
14.555813789367676,-49.645,6.835,57.331
14.565908908843994,-49.647,6.812,57.453
14.575845956802368,-49.659,6.789,57.584
14.585846900939941,-49.698,6.765,57.733
14.596101999282837,-49.769,6.736,57.899
14.605703830718994,-49.864,6.706,58.097
14.615998983383179,-49.968,6.666,58.323
14.625777959823608,-50.068,6.612,58.575
14.635976791381836,-50.16,6.542,58.829
14.646111011505127,-50.233,6.455,59.069
14.656100988388062,-50.289,6.361,59.293
14.665937900543213,-50.336,6.267,59.5
14.675817012786865,-50.376,6.178,59.668
14.685877799987793,-50.402,6.101,59.803
14.69646692276001,-50.425,6.038,59.936
14.70577597618103,-50.464,5.988,60.085
14.716279029846191,-50.527,5.947,60.262
14.726067066192627,-50.608,5.914,60.472
14.736093044281006,-50.704,5.884,60.704
14.746339797973633,-50.805,5.852,60.955
14.756232976913452,-50.899,5.807,61.213
14.766122817993164,-50.965,5.737,61.451
14.7760648727417,-50.997,5.642,61.652
14.786097049713135,-51.006,5.523,61.814
14.796787977218628,-51.011,5.392,61.951
14.805836915969849,-51.029,5.27,62.081
14.816196918487549,-51.07,5.166,62.215
14.825942039489746,-51.129,5.084,62.369
14.83622407913208,-51.209,5.019,62.548
14.846386909484863,-51.314,4.966,62.743
14.856165885925293,-51.445,4.924,62.938
14.866183996200562,-51.599,4.892,63.133
14.876317024230957,-51.77,4.864,63.329
14.886058807373047,-51.952,4.836,63.525
14.896256923675537,-52.136,4.808,63.715
14.90610408782959,-52.321,4.776,63.894
14.916409015655518,-52.495,4.736,64.059
14.926263809204102,-52.645,4.68,64.225
14.93636178970337,-52.771,4.602,64.391
14.946659088134766,-52.876,4.509,64.536
14.956294059753418,-52.96,4.407,64.65
14.966349124908447,-53.021,4.298,64.746
14.976351976394653,-53.074,4.187,64.826
14.986388921737671,-53.126,4.075,64.903
14.996531009674072,-53.187,3.961,64.975
15.006136894226074,-53.259,3.841,65.038
15.016427993774414,-53.339,3.718,65.097
15.026302814483643,-53.427,3.589,65.148
15.036505937576294,-53.515,3.451,65.192
15.046589851379395,-53.599,3.304,65.227
15.056425094604492,-53.671,3.155,65.248
15.066422939300537,-53.731,3.005,65.248
15.076519012451172,-53.789,2.852,65.224
15.086472034454346,-53.859,2.703,65.18
15.096642971038818,-53.947,2.562,65.129
15.106330871582031,-54.055,2.423,65.099
15.116582870483398,-54.172,2.275,65.092
15.126469135284424,-54.284,2.116,65.086
15.136537075042725,-54.385,1.949,65.067
15.146615982055664,-54.475,1.781,65.032
15.156521797180176,-54.558,1.621,64.983
15.166538953781128,-54.638,1.478,64.928
15.176577091217041,-54.711,1.346,64.869
15.186583995819092,-54.774,1.218,64.796
15.19664192199707,-54.83,1.091,64.71
15.206521987915039,-54.879,0.963,64.606
15.216629981994629,-54.915,0.834,64.495
15.226661920547485,-54.931,0.699,64.393
15.237369060516357,-54.921,0.554,64.305
15.24685001373291,-54.886,0.402,64.249
15.256779909133911,-54.838,0.245,64.235
15.266776084899902,-54.792,0.077,64.249
15.276710033416748,-54.748,-0.107,64.268
15.286934852600098,-54.708,-0.308,64.262
15.296957969665527,-54.671,-0.532,64.208
15.306635856628418,-54.636,-0.772,64.104
15.316857814788818,-54.606,-1.023,63.958
15.326789855957031,-54.58,-1.285,63.771
15.33737301826477,-54.563,-1.547,63.562
15.34688401222229,-54.565,-1.8,63.363
15.35676097869873,-54.581,-2.046,63.197
15.366822004318237,-54.59,-2.294,63.063
15.376820087432861,-54.58,-2.54,62.953
15.387442111968994,-54.548,-2.777,62.836
15.396928787231445,-54.503,-3.009,62.696
15.406705856323242,-54.463,-3.245,62.538
15.416894912719727,-54.452,-3.491,62.365
15.42694091796875,-54.47,-3.747,62.175
15.437490940093994,-54.511,-4.011,61.974
15.447021007537842,-54.569,-4.282,61.759
15.456865787506104,-54.641,-4.554,61.534
15.466943979263306,-54.736,-4.82,61.319
15.476912021636963,-54.856,-5.082,61.116
15.48753309249878,-54.983,-5.35,60.901
15.49712610244751,-55.091,-5.627,60.656
15.50692081451416,-55.181,-5.919,60.382
15.517165899276733,-55.261,-6.225,60.074
15.527082920074463,-55.335,-6.541,59.737
15.537416934967041,-55.414,-6.864,59.385
15.547226905822754,-55.505,-7.188,59.019
15.557155132293701,-55.602,-7.522,58.645
15.567178010940552,-55.675,-7.863,58.286
15.58009386062622,-55.721,-8.191,57.916
15.587419986724854,-55.712,-8.54,57.472
15.597249031066895,-55.662,-8.917,57.001
15.607178926467896,-55.595,-9.311,56.485
15.617554903030396,-55.526,-9.712,55.959
15.627135992050171,-55.488,-10.092,55.474
15.637609958648682,-55.495,-10.459,55.025
15.647471904754639,-55.511,-10.817,54.627
15.657639980316162,-55.523,-11.161,54.29
15.66722583770752,-55.526,-11.478,53.994
15.680150032043457,-55.518,-11.769,53.707
15.687449932098389,-55.49,-12.044,53.419
15.698089122772217,-55.434,-12.319,53.121
15.707274913787842,-55.332,-12.616,52.79
15.716790914535522,-55.216,-12.896,52.476
15.72699499130249,-55.129,-13.144,52.195
15.737401008605957,-55.064,-13.366,51.966
15.747127056121826,-54.998,-13.569,51.77
15.75776481628418,-54.919,-13.765,51.569
15.767768859863281,-54.823,-13.952,51.343
15.780138969421387,-54.711,-14.123,51.076
15.787571907043457,-54.593,-14.27,50.777
15.79816198348999,-54.484,-14.402,50.48
15.807767868041992,-54.41,-14.517,50.213
15.817626953125,-54.375,-14.597,50.01
15.826996803283691,-54.347,-14.647,49.888
15.837341785430908,-54.29,-14.68,49.838
15.848237991333008,-54.182,-14.716,49.822
15.857755899429321,-54.023,-14.771,49.766
15.868330001831055,-53.829,-14.839,49.62
15.877429008483887,-53.61,-14.904,49.386
15.887763023376465,-53.387,-14.948,49.102
15.898231029510498,-53.182,-14.953,48.828
15.90771198272705,-52.992,-14.91,48.624
15.918272018432617,-52.796,-14.828,48.493
15.930530071258545,-52.57,-14.738,48.401
15.93767499923706,-52.306,-14.682,48.324
15.948512077331543,-52.019,-14.673,48.223
15.957851886749268,-51.745,-14.697,48.051
15.968334913253784,-51.515,-14.746,47.816
15.979911804199219,-51.34,-14.798,47.547
15.987764835357666,-51.221,-14.83,47.266
15.998412132263184,-51.141,-14.831,47.009
16.00775694847107,-51.064,-14.816,46.771
16.018296003341675,-50.954,-14.816,46.517
16.03020191192627,-50.797,-14.857,46.235
16.037691116333008,-50.619,-14.937,45.913
16.048349857330322,-50.457,-15.03,45.577
16.058220863342285,-50.332,-15.103,45.265
16.067648887634277,-50.264,-15.126,44.987
16.077244997024536,-50.246,-15.105,44.758
16.087126970291138,-50.256,-15.076,44.58
16.09714984893799,-50.27,-15.069,44.449
16.108052015304565,-50.271,-15.097,44.337
16.118446826934814,-50.25,-15.162,44.211
16.13058090209961,-50.219,-15.25,44.077
16.137736797332764,-50.179,-15.347,43.952
16.14847707748413,-50.115,-15.458,43.861
16.15797996520996,-50.019,-15.581,43.82
16.167922973632812,-49.898,-15.711,43.817
16.180359840393066,-49.772,-15.841,43.832
16.187906980514526,-49.665,-15.972,43.865
16.198522090911865,-49.593,-16.097,43.903
16.208116054534912,-49.555,-16.209,43.937
16.21853995323181,-49.554,-16.307,43.949
16.230809926986694,-49.58,-16.398,43.939
16.237934112548828,-49.611,-16.485,43.914
16.248630046844482,-49.642,-16.579,43.851
16.257961988449097,-49.671,-16.686,43.751
16.268453121185303,-49.687,-16.803,43.642
16.2806179523468,-49.675,-16.921,43.546
16.288011074066162,-49.636,-17.022,43.497
16.298551082611084,-49.59,-17.086,43.502
16.30790400505066,-49.558,-17.111,43.541
16.31849479675293,-49.539,-17.113,43.574
16.330984115600586,-49.531,-17.116,43.561
16.33799409866333,-49.52,-17.129,43.484
16.34856390953064,-49.478,-17.147,43.325
16.358059883117676,-49.386,-17.174,43.068
16.36856698989868,-49.244,-17.206,42.756
16.38078999519348,-49.072,-17.25,42.43
16.387611865997314,-48.902,-17.309,42.116
16.397597789764404,-48.741,-17.359,41.834
16.407336950302124,-48.573,-17.385,41.601
16.41853380203247,-48.405,-17.38,41.409
16.430830001831055,-48.259,-17.37,41.239
16.43806791305542,-48.139,-17.387,41.048
16.44878578186035,-48.018,-17.452,40.785
16.458198070526123,-47.885,-17.566,40.42
16.468416929244995,-47.756,-17.709,39.956
16.48093891143799,-47.654,-17.849,39.42
16.48810601234436,-47.592,-17.968,38.85
16.499006986618042,-47.555,-18.067,38.269
16.508216857910156,-47.509,-18.16,37.71
16.518527030944824,-47.438,-18.261,37.181
16.53099012374878,-47.339,-18.386,36.709
16.538434982299805,-47.23,-18.538,36.307
16.548094987869263,-47.114,-18.733,35.91
16.55832290649414,-46.978,-18.924,35.512
16.56842613220215,-46.866,-19.074,35.082
16.57794499397278,-46.774,-19.186,34.593
16.58857011795044,-46.683,-19.26,34.059
16.599101066589355,-46.58,-19.316,33.502
16.608170986175537,-46.459,-19.37,32.955
16.618542909622192,-46.329,-19.41,32.447
16.63125705718994,-46.199,-19.428,31.988
16.63815689086914,-46.066,-19.427,31.572
16.64795994758606,-45.917,-19.41,31.173
16.658458948135376,-45.747,-19.382,30.779
16.668560028076172,-45.547,-19.356,30.393
16.681346893310547,-45.324,-19.346,30.022
16.68850088119507,-45.098,-19.36,29.673
16.69908380508423,-44.876,-19.398,29.344
16.708351135253906,-44.662,-19.459,29.036
16.71861696243286,-44.461,-19.527,28.743
16.73110294342041,-44.268,-19.582,28.452
16.738518953323364,-44.072,-19.613,28.151
16.749249935150146,-43.864,-19.621,27.847
16.75843906402588,-43.636,-19.631,27.548
16.76899290084839,-43.39,-19.674,27.252
16.781324863433838,-43.138,-19.757,26.959
16.788416862487793,-42.896,-19.862,26.653
16.799104928970337,-42.67,-19.949,26.327
16.808524131774902,-42.47,-19.979,25.992
16.818731784820557,-42.312,-19.948,25.663
16.82850408554077,-42.185,-19.866,25.376
16.838706970214844,-42.074,-19.768,25.139
16.849133014678955,-41.961,-19.685,24.942
16.85857582092285,-41.832,-19.642,24.746
16.868739128112793,-41.683,-19.649,24.517
16.8813259601593,-41.521,-19.687,24.246
16.888638019561768,-41.358,-19.726,23.939
16.899178981781006,-41.2,-19.738,23.627
16.908584117889404,-41.054,-19.704,23.358
16.91893482208252,-40.922,-19.629,23.163
16.930835962295532,-40.793,-19.539,23.022
16.938800811767578,-40.658,-19.462,22.874
16.949030876159668,-40.518,-19.416,22.686
16.95872402191162,-40.374,-19.396,22.458
16.96882700920105,-40.219,-19.376,22.215
16.981486797332764,-40.05,-19.34,22.011
16.988791942596436,-39.872,-19.284,21.9
16.999567985534668,-39.693,-19.218,21.877
17.00869393348694,-39.515,-19.167,21.886
17.019001007080078,-39.351,-19.151,21.868
17.031538009643555,-39.195,-19.157,21.796
17.038949012756348,-39.033,-19.168,21.641
17.049530029296875,-38.871,-19.169,21.396
17.0584979057312,-38.709,-19.151,21.082
17.068347930908203,-38.546,-19.11,20.744
17.079458951950073,-38.381,-19.046,20.413
17.088318824768066,-38.217,-18.947,20.118
17.098380088806152,-38.061,-18.811,19.898
17.108717918395996,-37.914,-18.664,19.759
17.119030952453613,-37.767,-18.545,19.655
17.131541967391968,-37.602,-18.47,19.512
17.138922929763794,-37.415,-18.437,19.305
17.149358987808228,-37.231,-18.423,19.067
17.159016132354736,-37.065,-18.397,18.839
17.169089794158936,-36.921,-18.345,18.655
17.18175506591797,-36.799,-18.273,18.506
17.188969135284424,-36.688,-18.191,18.358
17.199387073516846,-36.578,-18.11,18.192
17.208966970443726,-36.461,-18.04,17.996
17.219221115112305,-36.33,-17.971,17.763
17.231783866882324,-36.179,-17.89,17.511
17.239216804504395,-36.006,-17.789,17.264
17.24936008453369,-35.821,-17.664,17.039
17.259176015853882,-35.642,-17.524,16.864
17.269208908081055,-35.482,-17.406,16.742
17.281842947006226,-35.337,-17.333,16.612
17.289363861083984,-35.189,-17.303,16.425
17.299429893493652,-35.025,-17.297,16.183
17.30910587310791,-34.848,-17.296,15.904
17.319442987442017,-34.672,-17.279,15.606
17.331811904907227,-34.503,-17.227,15.303
17.33932113647461,-34.337,-17.14,14.993
17.350010871887207,-34.165,-17.037,14.653
17.35653305053711,-33.972,-16.917,14.262
17.366601943969727,-33.762,-16.783,13.842
17.376502990722656,-33.539,-16.65,13.424
17.386499881744385,-33.302,-16.525,13.027
17.399427890777588,-33.049,-16.404,12.652
17.406704902648926,-32.783,-16.281,12.293
17.416476011276245,-32.505,-16.154,11.948
17.426826000213623,-32.221,-16.023,11.613
17.436534881591797,-31.933,-15.898,11.275
17.44840383529663,-31.641,-15.798,10.935
17.45666193962097,-31.339,-15.727,10.587
17.46668004989624,-31.029,-15.679,10.23
17.477340936660767,-30.734,-15.642,9.875
17.48742389678955,-30.475,-15.608,9.542
17.499308109283447,-30.24,-15.596,9.25
17.506683826446533,-30.015,-15.617,8.968
17.516825914382935,-29.796,-15.665,8.663
17.526633977890015,-29.58,-15.722,8.342
17.53744411468506,-29.373,-15.77,8.02
17.549494981765747,-29.176,-15.793,7.721
17.556854963302612,-28.989,-15.78,7.466
17.566935062408447,-28.812,-15.737,7.266
17.57745885848999,-28.654,-15.682,7.101
17.587614059448242,-28.513,-15.621,6.938
17.599223136901855,-28.374,-15.548,6.743
17.606846809387207,-28.222,-15.459,6.48
17.616987943649292,-28.055,-15.356,6.135
17.626861095428467,-27.875,-15.239,5.723
17.63753080368042,-27.69,-15.113,5.274
17.650073051452637,-27.515,-14.992,4.802
17.656605005264282,-27.364,-14.884,4.31
17.667378902435303,-27.223,-14.791,3.799
17.677058935165405,-27.081,-14.711,3.28
17.687586784362793,-26.931,-14.638,2.76
17.699610948562622,-26.766,-14.582,2.243
17.70686912536621,-26.589,-14.55,1.727
17.717111110687256,-26.404,-14.535,1.201
17.73228406906128,-26.205,-14.514,0.652
17.739678859710693,-25.989,-14.472,0.089
17.750094890594482,-25.769,-14.406,-0.474
17.75974178314209,-25.557,-14.32,-1.017
17.769954919815063,-25.359,-14.235,-1.554
17.782225131988525,-25.179,-14.173,-2.106
17.789716005325317,-25.01,-14.144,-2.666
17.800257921218872,-24.834,-14.143,-3.211
17.809543132781982,-24.641,-14.158,-3.719
17.819307804107666,-24.438,-14.165,-4.191
17.832703113555908,-24.226,-14.141,-4.62
17.83983278274536,-23.998,-14.078,-4.984
17.850185871124268,-23.759,-13.965,-5.285
17.859800815582275,-23.518,-13.788,-5.548
17.86992883682251,-23.272,-13.557,-5.795
17.88257598876953,-23.023,-13.301,-6.068
17.889889001846313,-22.786,-13.067,-6.392
17.900084972381592,-22.571,-12.894,-6.768
17.909913063049316,-22.387,-12.798,-7.191
17.92005205154419,-22.228,-12.77,-7.634
17.93280291557312,-22.082,-12.787,-8.068
17.939801931381226,-21.949,-12.801,-8.473
17.949942111968994,-21.831,-12.774,-8.841
17.95967698097229,-21.72,-12.693,-9.171
17.970030784606934,-21.593,-12.559,-9.472
17.982594966888428,-21.433,-12.378,-9.755
17.98990488052368,-21.25,-12.165,-10.025
18.000300884246826,-21.066,-11.955,-10.288
18.01004195213318,-20.895,-11.78,-10.556
18.02018094062805,-20.735,-11.658,-10.848
18.032622814178467,-20.592,-11.584,-11.171
18.040108919143677,-20.456,-11.544,-11.519
18.050543785095215,-20.317,-11.536,-11.885
18.06011199951172,-20.165,-11.56,-12.256
18.070276975631714,-20.01,-11.599,-12.608
18.082487106323242,-19.856,-11.639,-12.914
18.090112924575806,-19.7,-11.661,-13.17
18.10042691230774,-19.536,-11.648,-13.403
18.11013412475586,-19.358,-11.602,-13.627
18.120326042175293,-19.165,-11.536,-13.848
18.132702827453613,-18.962,-11.464,-14.077
18.14022397994995,-18.765,-11.406,-14.34
18.15038013458252,-18.58,-11.372,-14.644
18.16024684906006,-18.405,-11.374,-14.973
18.170357942581177,-18.231,-11.4,-15.319
18.182788848876953,-18.062,-11.433,-15.665
18.19016695022583,-17.894,-11.453,-15.999
18.20039987564087,-17.708,-11.435,-16.317
18.210197925567627,-17.492,-11.364,-16.607
18.220430850982666,-17.244,-11.255,-16.862
18.232686042785645,-16.977,-11.146,-17.081
18.24032211303711,-16.715,-11.059,-17.277
18.250574111938477,-16.477,-10.997,-17.461
18.260350942611694,-16.274,-10.969,-17.654
18.270197868347168,-16.101,-10.989,-17.864
18.282456874847412,-15.945,-11.055,-18.093
18.29036283493042,-15.793,-11.142,-18.345
18.300553798675537,-15.636,-11.218,-18.606
18.31055784225464,-15.464,-11.268,-18.853
18.320626974105835,-15.279,-11.283,-19.074
18.33305788040161,-15.102,-11.258,-19.259
18.340539932250977,-14.945,-11.202,-19.416
18.3507239818573,-14.805,-11.134,-19.554
18.360471963882446,-14.675,-11.076,-19.688
18.37062406539917,-14.549,-11.04,-19.835
18.383094787597656,-14.434,-11.025,-20.022
18.39046287536621,-14.329,-11.024,-20.26
18.40086603164673,-14.225,-11.027,-20.54
18.41056203842163,-14.118,-11.017,-20.839
18.420732021331787,-14.001,-10.981,-21.141
18.43305206298828,-13.871,-10.921,-21.455
18.440728902816772,-13.726,-10.844,-21.778
18.450757026672363,-13.568,-10.769,-22.11
18.46062994003296,-13.403,-10.707,-22.434
18.47068190574646,-13.233,-10.66,-22.731
18.48307991027832,-13.061,-10.609,-22.991
18.490591049194336,-12.878,-10.546,-23.217
18.501035928726196,-12.676,-10.48,-23.415
18.510540008544922,-12.451,-10.414,-23.594
18.520819902420044,-12.212,-10.35,-23.77
18.53329300880432,-11.977,-10.301,-23.957
18.54072380065918,-11.756,-10.269,-24.166
18.551036834716797,-11.556,-10.241,-24.413
18.560733795166016,-11.381,-10.219,-24.683
18.57146692276001,-11.228,-10.21,-24.969
18.583313941955566,-11.089,-10.21,-25.262
18.59081196784973,-10.961,-10.213,-25.544
18.601099967956543,-10.832,-10.203,-25.802
18.610737800598145,-10.689,-10.166,-26.015
18.620852947235107,-10.53,-10.097,-26.19
18.633543968200684,-10.37,-10.022,-26.352
18.640872955322266,-10.229,-9.961,-26.525
18.651031017303467,-10.123,-9.921,-26.724
18.66084384918213,-10.052,-9.897,-26.957
18.670995950698853,-9.993,-9.879,-27.216
18.68346095085144,-9.931,-9.859,-27.485
18.690879821777344,-9.853,-9.829,-27.739
18.70101308822632,-9.745,-9.78,-27.965
18.710912942886353,-9.608,-9.717,-28.166
18.72105312347412,-9.46,-9.655,-28.35
18.733438968658447,-9.319,-9.603,-28.532
18.741034984588623,-9.194,-9.563,-28.721
18.751107931137085,-9.087,-9.53,-28.92
18.760933876037598,-8.995,-9.501,-29.129
18.77101707458496,-8.917,-9.474,-29.348
18.783396005630493,-8.861,-9.451,-29.583
18.790848970413208,-8.82,-9.425,-29.827
18.801240921020508,-8.766,-9.382,-30.078
18.810972929000854,-8.683,-9.311,-30.322
18.821189880371094,-8.577,-9.217,-30.558
18.83352279663086,-8.453,-9.11,-30.774
18.841164112091064,-8.322,-9.001,-30.979
18.851161003112793,-8.189,-8.888,-31.203
18.861114025115967,-8.051,-8.77,-31.446
18.87120485305786,-7.914,-8.645,-31.69
18.883543014526367,-7.785,-8.512,-31.929
18.89107394218445,-7.676,-8.373,-32.153
18.901291847229004,-7.595,-8.231,-32.359
18.911685943603516,-7.541,-8.083,-32.546
18.921314001083374,-7.505,-7.941,-32.727
18.933691024780273,-7.476,-7.82,-32.906
18.94129991531372,-7.438,-7.714,-33.077
18.95125389099121,-7.379,-7.6,-33.241
18.961272954940796,-7.296,-7.461,-33.405
18.971271991729736,-7.189,-7.3,-33.578
18.983646869659424,-7.066,-7.13,-33.771
18.99116611480713,-6.941,-6.96,-33.994
19.001430988311768,-6.836,-6.797,-34.241
19.011303901672363,-6.772,-6.652,-34.498
19.021512985229492,-6.741,-6.522,-34.766
19.033660888671875,-6.721,-6.397,-35.042
19.041379928588867,-6.689,-6.273,-35.316
19.051647901535034,-6.638,-6.145,-35.58
19.061339855194092,-6.565,-6.01,-35.829
19.071327924728394,-6.467,-5.861,-36.068
19.084110975265503,-6.347,-5.69,-36.3
19.09129285812378,-6.206,-5.496,-36.524
19.101605892181396,-6.052,-5.299,-36.733
19.111398935317993,-5.907,-5.118,-36.941
19.12154793739319,-5.787,-4.971,-37.146
19.134060859680176,-5.7,-4.869,-37.356
19.141479015350342,-5.638,-4.815,-37.579
19.151510000228882,-5.586,-4.788,-37.802
19.16148805618286,-5.526,-4.765,-38.005
19.17172598838806,-5.43,-4.729,-38.191
19.18408489227295,-5.291,-4.678,-38.339
19.19136381149292,-5.112,-4.6,-38.442
19.201693058013916,-4.898,-4.475,-38.507
19.211540937423706,-4.654,-4.303,-38.536
19.221671104431152,-4.411,-4.111,-38.554
19.233949899673462,-4.202,-3.925,-38.6
19.24160385131836,-4.039,-3.766,-38.672
19.251608848571777,-3.908,-3.628,-38.761
19.2617609500885,-3.782,-3.496,-38.854
19.271708011627197,-3.648,-3.36,-38.933
19.284390926361084,-3.505,-3.207,-39.004
19.29168701171875,-3.359,-3.037,-39.08
19.301780939102173,-3.22,-2.858,-39.151
19.311670780181885,-3.093,-2.683,-39.213
19.321805000305176,-2.973,-2.517,-39.269
19.334861993789673,-2.849,-2.358,-39.323
19.34184694290161,-2.715,-2.211,-39.367
19.35178804397583,-2.571,-2.077,-39.402
19.361720085144043,-2.435,-1.962,-39.439
19.37187099456787,-2.322,-1.864,-39.497
19.384364128112793,-2.239,-1.779,-39.593
19.39157485961914,-2.175,-1.7,-39.726
19.40186595916748,-2.123,-1.63,-39.889
19.411673069000244,-2.073,-1.581,-40.07
19.421916007995605,-2.001,-1.535,-40.241
19.434401035308838,-1.884,-1.454,-40.395
19.441905975341797,-1.711,-1.326,-40.515
19.452003955841064,-1.517,-1.161,-40.564
19.46182107925415,-1.324,-0.985,-40.54
19.471974849700928,-1.151,-0.829,-40.47
19.484538078308105,-1.017,-0.719,-40.397
19.491774082183838,-0.931,-0.667,-40.35
19.5020170211792,-0.885,-0.667,-40.33
19.51190495491028,-0.857,-0.696,-40.329
19.522067070007324,-0.817,-0.718,-40.332
19.534374952316284,-0.748,-0.712,-40.324
19.54196310043335,-0.661,-0.663,-40.309
19.552173137664795,-0.567,-0.581,-40.294
19.56191396713257,-0.473,-0.484,-40.287
19.57210397720337,-0.383,-0.391,-40.311
19.584782123565674,-0.288,-0.321,-40.391
19.592154026031494,-0.176,-0.269,-40.499
19.602209091186523,-0.037,-0.217,-40.609
19.61194086074829,0.128,-0.157,-40.691
19.622233867645264,0.318,-0.094,-40.733
19.634573936462402,0.534,-0.027,-40.744
19.642133951187134,0.77,0.042,-40.736
19.652163982391357,1.012,0.111,-40.727
19.662006855010986,1.239,0.181,-40.742
19.672310829162598,1.434,0.243,-40.778
19.684526920318604,1.582,0.312,-40.836
19.691996097564697,1.693,0.399,-40.897
19.702340126037598,1.789,0.505,-40.929
19.712071895599365,1.893,0.629,-40.918
19.72226095199585,2.015,0.758,-40.862
19.734798908233643,2.153,0.881,-40.775
19.74220085144043,2.295,0.998,-40.665
19.752288818359375,2.433,1.123,-40.543
19.762159824371338,2.565,1.262,-40.412
19.7722749710083,2.688,1.418,-40.275
19.78496503829956,2.795,1.599,-40.144
19.79204297065735,2.882,1.799,-40.024
19.802416801452637,2.948,1.997,-39.932
19.812106132507324,3.004,2.182,-39.872
19.82233190536499,3.068,2.361,-39.816
19.834991931915283,3.163,2.553,-39.74
19.84256410598755,3.305,2.773,-39.634
19.852602005004883,3.493,3.026,-39.499
19.862355947494507,3.701,3.302,-39.339
19.872507095336914,3.896,3.585,-39.169
19.885157108306885,4.057,3.855,-38.996
19.892292022705078,4.173,4.091,-38.845
19.90262794494629,4.244,4.278,-38.76
19.912285804748535,4.284,4.403,-38.746
19.92254900932312,4.314,4.487,-38.775
19.935311794281006,4.359,4.569,-38.849
19.942975997924805,4.438,4.665,-38.942
19.95256805419922,4.554,4.784,-39.019
19.96246600151062,4.698,4.934,-39.072
19.972584009170532,4.862,5.107,-39.094
19.98512887954712,5.03,5.277,-39.087
19.992477893829346,5.182,5.426,-39.063
20.002696990966797,5.318,5.538,-39.03
20.01238489151001,5.438,5.61,-38.994
20.022663116455078,5.541,5.65,-38.97
20.03503704071045,5.624,5.668,-38.966
20.042601108551025,5.686,5.678,-38.974
20.05270004272461,5.732,5.704,-38.998
20.0625958442688,5.776,5.761,-39.029
20.072664976119995,5.835,5.854,-39.043
20.08522891998291,5.91,5.989,-39.027
20.092570781707764,5.998,6.155,-38.989
20.10274887084961,6.095,6.344,-38.942
20.112802028656006,6.186,6.543,-38.872
20.122838973999023,6.255,6.746,-38.768
20.135229110717773,6.298,6.96,-38.624
20.142781972885132,6.322,7.19,-38.44
20.152777910232544,6.339,7.437,-38.232
20.162644863128662,6.358,7.697,-38.008
20.17281699180603,6.385,7.967,-37.741
20.185481071472168,6.42,8.243,-37.394
20.192641973495483,6.462,8.525,-36.967
20.202899932861328,6.505,8.815,-36.502
20.212707996368408,6.535,9.104,-36.034
20.22288990020752,6.543,9.387,-35.602
20.235496044158936,6.535,9.658,-35.222
20.24280095100403,6.511,9.914,-34.886
20.25287890434265,6.477,10.167,-34.571
20.262701988220215,6.448,10.425,-34.265
20.27293300628662,6.443,10.688,-33.982
20.285479068756104,6.47,10.956,-33.74
20.29288387298584,6.521,11.225,-33.54
20.303103923797607,6.582,11.496,-33.372
20.31295895576477,6.649,11.764,-33.233
20.323130130767822,6.698,12.028,-33.111
20.33561086654663,6.717,12.291,-32.993
20.343039989471436,6.707,12.561,-32.859
20.353080987930298,6.676,12.858,-32.707
20.362987995147705,6.637,13.18,-32.532
20.373342037200928,6.601,13.506,-32.344
20.385910987854004,6.563,13.813,-32.139
20.392887115478516,6.514,14.092,-31.913
20.40307378768921,6.453,14.347,-31.667
20.41283392906189,6.386,14.598,-31.399
20.423112869262695,6.317,14.862,-31.112
20.43579387664795,6.25,15.155,-30.817
20.443039894104004,6.175,15.49,-30.515
20.453113079071045,6.08,15.858,-30.197
20.46303081512451,5.961,16.239,-29.875
20.473253965377808,5.818,16.624,-29.565
20.48579692840576,5.663,17.01,-29.273
20.493196964263916,5.508,17.397,-28.992
20.503156900405884,5.361,17.78,-28.702
20.513022899627686,5.231,18.166,-28.4
20.523170948028564,5.124,18.549,-28.102
20.535828113555908,5.046,18.924,-27.821
20.543129920959473,4.993,19.301,-27.549
20.55326795578003,4.942,19.679,-27.266
20.563108921051025,4.885,20.059,-26.973
20.573369026184082,4.821,20.451,-26.696
20.585876941680908,4.751,20.849,-26.448
20.59311580657959,4.673,21.225,-26.22
20.603527069091797,4.584,21.57,-25.999
20.613114833831787,4.478,21.889,-25.778
20.623552799224854,4.354,22.183,-25.563
20.63602900505066,4.218,22.46,-25.378
20.643479824066162,4.077,22.729,-25.235
20.653440952301025,3.95,22.978,-25.159
20.663304805755615,3.844,23.196,-25.152
20.673473834991455,3.747,23.393,-25.197
20.68608808517456,3.65,23.592,-25.254
20.693238973617554,3.561,23.811,-25.289
20.703598022460938,3.487,24.063,-25.278
20.71326208114624,3.433,24.358,-25.218
20.723521947860718,3.385,24.693,-25.13
20.736057996749878,3.315,25.036,-24.991
20.743382930755615,3.203,25.365,-24.802
20.75348997116089,3.033,25.661,-24.576
20.76342797279358,2.799,25.916,-24.319
20.773478031158447,2.512,26.127,-24.028
20.78748607635498,2.187,26.307,-23.699
20.793329000473022,1.849,26.475,-23.329
20.803728103637695,1.517,26.665,-22.931
20.81339979171753,1.203,26.902,-22.529
20.823579788208008,0.914,27.178,-22.131
20.836162090301514,0.643,27.469,-21.75
20.843487977981567,0.379,27.752,-21.398
20.853612899780273,0.113,28.017,-21.067
20.863606929779053,-0.165,28.278,-20.747
20.873834133148193,-0.446,28.544,-20.444
20.88625478744507,-0.715,28.815,-20.16
20.89354395866394,-0.983,29.078,-19.886
20.903925895690918,-1.268,29.316,-19.603
20.91354513168335,-1.587,29.526,-19.299
20.923717975616455,-1.949,29.726,-18.973
20.936288833618164,-2.352,29.933,-18.625
20.943613052368164,-2.785,30.155,-18.257
20.953746795654297,-3.231,30.388,-17.865
20.963698863983154,-3.682,30.619,-17.444
20.974272966384888,-4.14,30.844,-16.991
20.98633909225464,-4.611,31.062,-16.502
20.993688106536865,-5.101,31.283,-15.975
21.003968000411987,-5.611,31.514,-15.413
21.013690948486328,-6.136,31.757,-14.833
21.02388596534729,-6.659,32.011,-14.24
21.036423921585083,-7.168,32.285,-13.644
21.04377794265747,-7.667,32.576,-13.059
21.05382490158081,-8.156,32.868,-12.5
21.063827991485596,-8.63,33.141,-11.972
21.07381010055542,-9.083,33.384,-11.47
21.08635711669922,-9.517,33.598,-10.995
21.093778133392334,-9.935,33.79,-10.55
21.104140996932983,-10.34,33.962,-10.146
21.113754987716675,-10.739,34.109,-9.776
21.123981952667236,-11.137,34.233,-9.428
21.137896060943604,-11.542,34.346,-9.101
21.14403200149536,-11.947,34.462,-8.797
21.153949975967407,-12.33,34.597,-8.511
21.164283990859985,-12.679,34.755,-8.239
21.173988819122314,-12.997,34.925,-7.972
21.1875,-13.285,35.097,-7.701
21.19400405883789,-13.55,35.27,-7.434
21.204216957092285,-13.804,35.449,-7.174
21.214029788970947,-14.051,35.623,-6.904
21.22417688369751,-14.304,35.79,-6.611
21.23782992362976,-14.568,35.953,-6.314
21.244210958480835,-14.839,36.098,-6.013
21.254147052764893,-15.106,36.218,-5.717
21.26418900489807,-15.365,36.315,-5.441
21.274163961410522,-15.618,36.389,-5.194
21.287696838378906,-15.866,36.438,-4.979
21.293964862823486,-16.108,36.459,-4.796
21.304276943206787,-16.336,36.464,-4.644
21.314012050628662,-16.552,36.463,-4.501
21.324265956878662,-16.757,36.467,-4.359
21.33744192123413,-16.95,36.494,-4.223
21.344274044036865,-17.119,36.551,-4.094
21.354308128356934,-17.262,36.633,-3.979
21.364296913146973,-17.387,36.721,-3.876
21.374366998672485,-17.502,36.804,-3.789
21.387753009796143,-17.609,36.872,-3.73
21.394346952438354,-17.72,36.919,-3.675
21.404539108276367,-17.833,36.95,-3.607
21.41433596611023,-17.956,36.979,-3.522
21.42437195777893,-18.098,37.015,-3.407
21.437528133392334,-18.244,37.062,-3.264
21.444216012954712,-18.39,37.124,-3.101
21.454368114471436,-18.535,37.19,-2.918
21.46431589126587,-18.681,37.245,-2.729
21.47444796562195,-18.827,37.27,-2.541
21.487406015396118,-18.974,37.263,-2.348
21.494220972061157,-19.12,37.234,-2.129
21.50452494621277,-19.271,37.203,-1.879
21.514243125915527,-19.429,37.186,-1.605
21.524467945098877,-19.598,37.177,-1.317
21.53763484954834,-19.783,37.173,-1.039
21.54434108734131,-19.975,37.168,-0.783
21.554394006729126,-20.166,37.164,-0.565
21.564516067504883,-20.35,37.163,-0.373
21.574522018432617,-20.536,37.171,-0.203
21.587610960006714,-20.725,37.189,-0.059
21.594408988952637,-20.907,37.217,0.07
21.604655981063843,-21.078,37.249,0.204
21.614418983459473,-21.242,37.279,0.359
21.624558925628662,-21.405,37.292,0.546
21.637094974517822,-21.576,37.275,0.751
21.644446849822998,-21.761,37.226,0.957
21.65463089942932,-21.939,37.148,1.159
21.664597034454346,-22.101,37.055,1.355
21.674747943878174,-22.249,36.964,1.536
21.687693119049072,-22.383,36.882,1.685
21.694586992263794,-22.495,36.802,1.813
21.70482587814331,-22.58,36.728,1.919
21.714487075805664,-22.652,36.675,2.012
21.72471594810486,-22.713,36.647,2.106
21.73701286315918,-22.77,36.646,2.209
21.744544982910156,-22.838,36.657,2.324
21.75476098060608,-22.919,36.663,2.451
21.764702796936035,-23.018,36.65,2.602
21.774686813354492,-23.135,36.609,2.793
21.78766679763794,-23.258,36.537,3.03
21.794644832611084,-23.379,36.43,3.315
21.804805994033813,-23.509,36.31,3.628
21.814764976501465,-23.65,36.211,3.923
21.824957847595215,-23.784,36.156,4.18
21.83788013458252,-23.903,36.147,4.371
21.844626903533936,-24.001,36.174,4.479
21.854851007461548,-24.087,36.216,4.501
21.864766120910645,-24.167,36.243,4.452
21.874889850616455,-24.249,36.253,4.363
21.887731075286865,-24.347,36.265,4.265
21.894810914993286,-24.457,36.295,4.194
21.90516495704651,-24.563,36.35,4.173
21.91480302810669,-24.66,36.439,4.207
21.924993991851807,-24.745,36.558,4.278
21.938107013702393,-24.824,36.699,4.356
21.944819927215576,-24.911,36.851,4.422
21.9550199508667,-25.005,37.0,4.461
21.96493697166443,-25.096,37.134,4.467
21.975037097930908,-25.177,37.239,4.454
21.98781108856201,-25.262,37.324,4.461
21.995362997055054,-25.349,37.385,4.52
22.005095958709717,-25.432,37.421,4.646
22.014906883239746,-25.501,37.423,4.828
22.025177001953125,-25.555,37.388,5.04
22.038011074066162,-25.589,37.313,5.225
22.044943809509277,-25.605,37.201,5.338
22.055098056793213,-25.597,37.053,5.357
22.06499695777893,-25.556,36.877,5.248
22.075053930282593,-25.473,36.684,5.0
22.08785390853882,-25.35,36.48,4.641
22.094969987869263,-25.193,36.275,4.234
22.105204105377197,-25.015,36.096,3.837
22.115007877349854,-24.836,35.973,3.508
22.125211000442505,-24.667,35.918,3.294
22.138147830963135,-24.51,35.928,3.2
22.14510202407837,-24.367,35.973,3.194
22.155517101287842,-24.245,36.014,3.248
22.16534996032715,-24.147,36.017,3.321
22.175336837768555,-24.071,35.962,3.376
22.188354015350342,-24.014,35.853,3.392
22.195241928100586,-23.98,35.708,3.369
22.20536708831787,-23.958,35.557,3.322
22.215106964111328,-23.941,35.429,3.268
22.225316047668457,-23.927,35.338,3.229
22.23804497718811,-23.923,35.284,3.222
22.24525213241577,-23.934,35.269,3.265
22.25550603866577,-23.964,35.289,3.358
22.265331983566284,-24.005,35.333,3.487
22.275381088256836,-24.052,35.377,3.647
22.287944793701172,-24.111,35.403,3.829
22.29524803161621,-24.186,35.406,4.022
22.30543279647827,-24.275,35.384,4.209
22.315425872802734,-24.369,35.342,4.376
22.325533866882324,-24.455,35.294,4.518
22.33810591697693,-24.52,35.252,4.627
22.345305919647217,-24.564,35.224,4.706
22.355459928512573,-24.59,35.209,4.751
22.36553382873535,-24.595,35.204,4.758
22.375436782836914,-24.583,35.204,4.744
22.387821912765503,-24.561,35.205,4.748
22.395362854003906,-24.534,35.211,4.789
22.405553817749023,-24.51,35.215,4.868
22.415420055389404,-24.492,35.209,4.961
22.4257709980011,-24.469,35.189,5.043
22.438395023345947,-24.433,35.161,5.112
22.445417881011963,-24.387,35.143,5.167
22.45559310913086,-24.341,35.141,5.212
22.465616941452026,-24.299,35.163,5.25
22.475549936294556,-24.263,35.208,5.277
22.4883770942688,-24.232,35.261,5.295
22.495494842529297,-24.21,35.312,5.32
22.505860805511475,-24.194,35.347,5.365
22.51546287536621,-24.174,35.365,5.426
22.525825023651123,-24.152,35.371,5.496
22.53829002380371,-24.131,35.371,5.566
22.545679092407227,-24.11,35.362,5.618
22.555826902389526,-24.09,35.343,5.648
22.565871953964233,-24.074,35.325,5.662
22.575242042541504,-24.068,35.316,5.664
22.58853006362915,-24.07,35.325,5.657
22.595730781555176,-24.075,35.346,5.642
22.605825901031494,-24.069,35.373,5.613
22.615707874298096,-24.058,35.395,5.572
22.625863075256348,-24.044,35.408,5.541
22.638575077056885,-24.024,35.414,5.545
22.645664930343628,-24.005,35.419,5.594
22.655884981155396,-23.989,35.433,5.687
22.665870904922485,-23.981,35.465,5.816
22.675994873046875,-23.982,35.52,5.959
22.68867588043213,-23.987,35.582,6.099
22.695858001708984,-23.995,35.632,6.233
22.705923080444336,-24.009,35.658,6.358
22.715718984603882,-24.022,35.658,6.458
22.72602081298828,-24.016,35.648,6.537
22.738744974136353,-23.994,35.622,6.607
22.745802879333496,-23.974,35.572,6.639
22.75600790977478,-23.967,35.497,6.612
22.765825986862183,-23.969,35.404,6.495
22.775947093963623,-23.966,35.307,6.285
22.788745880126953,-23.954,35.234,6.017
22.796337127685547,-23.932,35.211,5.766
22.806113958358765,-23.914,35.238,5.622
22.81593894958496,-23.909,35.299,5.625
22.826107025146484,-23.905,35.374,5.743
22.838578939437866,-23.9,35.44,5.924
22.845921993255615,-23.893,35.464,6.105
22.856142044067383,-23.881,35.423,6.217
22.865950107574463,-23.852,35.31,6.229
22.876123905181885,-23.814,35.138,6.137
22.88877010345459,-23.767,34.937,5.956
22.895997047424316,-23.709,34.743,5.706
22.906070947647095,-23.63,34.579,5.414
22.915946006774902,-23.541,34.456,5.12
22.92620611190796,-23.463,34.372,4.864
22.9390549659729,-23.411,34.326,4.673
22.9461510181427,-23.407,34.308,4.548
22.956375122070312,-23.452,34.303,4.474
22.966137886047363,-23.52,34.295,4.441
22.9762921333313,-23.6,34.272,4.455
22.988874912261963,-23.687,34.235,4.501
22.9962158203125,-23.793,34.185,4.57
23.00629711151123,-23.918,34.124,4.639
23.016090869903564,-24.048,34.053,4.677
23.026662826538086,-24.173,33.967,4.658
23.03904390335083,-24.28,33.874,4.573
23.046049118041992,-24.359,33.781,4.439
23.05584692955017,-24.413,33.7,4.288
23.065661907196045,-24.436,33.637,4.179
23.075693130493164,-24.43,33.605,4.117
23.08588981628418,-24.43,33.609,4.135
23.09644889831543,-24.446,33.638,4.215
23.10642910003662,-24.475,33.662,4.307
23.116331100463867,-24.504,33.652,4.365
23.126451015472412,-24.528,33.598,4.366
23.13871693611145,-24.547,33.52,4.304
23.146240949630737,-24.556,33.455,4.194
23.156553983688354,-24.532,33.417,4.059
23.16631293296814,-24.488,33.413,3.938
23.176445960998535,-24.449,33.444,3.866
23.189006805419922,-24.427,33.485,3.86
23.196632862091064,-24.411,33.528,3.912
23.20659303665161,-24.399,33.564,3.988
23.216428995132446,-24.398,33.59,4.069
23.22668194770813,-24.405,33.649,4.185
23.24247407913208,-24.406,33.768,4.35
23.246150970458984,-24.396,33.941,4.576
23.25683879852295,-24.381,34.167,4.869
23.266440868377686,-24.375,34.408,5.201
23.27667808532715,-24.389,34.596,5.524
23.289146900177002,-24.412,34.677,5.769
23.296492099761963,-24.452,34.594,5.863
23.306679010391235,-24.516,34.344,5.806
23.31651496887207,-24.575,33.993,5.645
23.326704025268555,-24.616,33.657,5.45

